Cell,Cycle No,Step name,Step No,Start,End,Current_min,Current_max,Capacity_min,Capacity_max,Volt_min,Volt_max,Power_min_W,Power_max_W,Duration_s,c_rate
RD_LFP_ConstantPower_REPT_TS_150_0001_0_100,1,CC_DChg,2,2025-11-26 12:24:47.146,2025-11-26 12:25:08.115,50.0,50.0,0.0,0.296,2.499941,2.688999,124.99344008499999,134.436674412,21.0,0.33
RD_LFP_ConstantPower_REPT_TS_150_0001_0_100,1,CP_Chg,4,2025-11-26 12:55:08.463,2025-11-26 13:13:04.817,27.69,34.13,0.0,8.716,2.636974,3.25,89.995325624,90.01130058300001,1076.0,0.23
RD_LFP_ConstantPower_REPT_TS_150_0001_0_100,1,CP_Chg,5,2025-11-26 13:13:04.837,2025-11-26 15:51:41.813,50.0,55.2,0.0,140.288,3.260717,3.60001,179.99362479500002,180.00103395099998,9517.0,0.37
RD_LFP_ConstantPower_REPT_TS_150_0001_0_100,1,CP_Chg,6,2025-11-26 15:51:41.832,2025-11-26 15:51:45.763,73.98,74.97,0.0,0.082,3.6015,3.650008,269.999929028,270.033686108,4.0,0.5
RD_LFP_ConstantPower_REPT_TS_150_0001_0_100,1,CP_DChg,8,2025-11-26 16:21:46.063,2025-11-26 16:21:46.063,75.5,75.5,0.0,0.0,3.331102,3.331102,251.49822431799998,251.49822431799998,0.0,0.5
RD_LFP_ConstantPower_REPT_TS_150_0001_0_100,1,CP_DChg,9,2025-11-26 16:21:46.095,2025-11-26 17:03:04.179,54.58,55.38,0.0,38.048,3.25,3.298147,179.99213962599998,180.000585655,2478.0,0.37
RD_LFP_ConstantPower_REPT_TS_150_0001_0_100,1,CP_DChg,10,2025-11-26 17:03:04.209,2025-11-26 20:58:49.059,27.4,36.0,0.0,110.551,2.499979,3.284031,89.986280796,90.00065936600001,14145.0,0.24
RD_LFP_ConstantPower_REPT_TS_150_0001_0_100,1,Rest,1,2025-11-26 12:24:17.142,2025-11-26 12:24:47.110,0.0,0.0,0.0,0.0,2.722028,2.722045,0.0,0.0,30.0,0.0
RD_LFP_ConstantPower_REPT_TS_150_0001_0_100,1,Rest,3,2025-11-26 12:25:08.155,2025-11-26 12:55:08.431,0.0,0.0,0.0,0.0,2.503031,2.625108,0.0,0.0,1800.0,0.0
RD_LFP_ConstantPower_REPT_TS_150_0001_0_100,1,Rest,7,2025-11-26 15:51:45.782,2025-11-26 16:21:46.045,0.0,0.0,0.0,0.0,3.338247,3.648418,0.0,0.0,1800.0,0.0
RD_LFP_ConstantPower_REPT_TS_150_0001_0_100,1,Rest,11,2025-11-26 20:58:49.086,2025-11-26 21:28:49.329,0.0,0.0,0.0,0.0,2.500223,2.728299,0.0,0.0,1800.0,0.0
RD_LFP_ConstantPower_REPT_TS_150_0001_0_100,2,CP_Chg,4,2025-11-26 21:28:49.360,2025-11-26 21:46:37.332,27.69,32.9,0.0,8.612,2.735144,3.25,89.995218941,90.00451590300001,1068.0,0.22
RD_LFP_ConstantPower_REPT_TS_150_0001_0_100,2,CP_Chg,5,2025-11-26 21:46:37.351,2025-11-27 00:25:24.821,50.0,55.28,0.0,140.688,3.256176,3.600009,179.993557033,180.00108945199997,9527.0,0.37
RD_LFP_ConstantPower_REPT_TS_150_0001_0_100,2,CP_Chg,6,2025-11-27 00:25:24.844,2025-11-27 00:25:28.625,73.98,74.75,0.0,0.078,3.612151,3.65005,269.999368817,270.03568236899997,4.0,0.5
RD_LFP_ConstantPower_REPT_TS_150_0001_0_100,2,CP_DChg,8,2025-11-27 00:55:28.994,2025-11-27 00:55:28.994,75.5,75.5,0.0,0.001,3.330105,3.330105,251.423117316,251.423117316,0.0,0.5
RD_LFP_ConstantPower_REPT_TS_150_0001_0_100,2,CP_DChg,9,2025-11-27 00:55:29.032,2025-11-27 01:36:24.185,54.48,55.38,0.0,37.693,3.249999,3.304042,179.990916723,180.00055457800002,2455.0,0.37
RD_LFP_ConstantPower_REPT_TS_150_0001_0_100,2,CP_DChg,10,2025-11-27 01:36:24.213,2025-11-27 05:34:48.510,27.4,35.99,0.0,111.723,2.499976,3.284127,89.985691129,90.000715525,14304.0,0.24
RD_LFP_ConstantPower_REPT_TS_150_0001_0_100,2,Rest,7,2025-11-27 00:25:28.661,2025-11-27 00:55:28.954,0.0,0.0,0.0,0.0,3.344793,3.645421,0.0,0.0,1800.0,0.0
RD_LFP_ConstantPower_REPT_TS_150_0001_0_100,2,Rest,11,2025-11-27 05:34:48.546,2025-11-27 06:04:49.073,0.0,0.0,0.0,0.0,2.501601,2.72193,0.0,0.0,1801.0,0.0
RD_LFP_ConstantPower_REPT_TS_150_0001_0_100,3,CP_Chg,4,2025-11-27 06:04:49.100,2025-11-27 06:22:58.396,27.69,33.06,0.0,8.792,2.722126,3.250001,89.995158959,90.004423796,1089.0,0.22
RD_LFP_ConstantPower_REPT_TS_150_0001_0_100,3,CP_Chg,5,2025-11-27 06:22:58.424,2025-11-27 09:01:52.453,50.0,55.38,0.0,140.824,3.250002,3.600012,179.993789768,180.001924804,9534.0,0.37
RD_LFP_ConstantPower_REPT_TS_150_0001_0_100,3,CP_Chg,6,2025-11-27 09:01:52.485,2025-11-27 09:01:56.081,73.98,74.73,0.0,0.077,3.61321,3.650072,269.999859676,270.036154611,4.0,0.5
RD_LFP_ConstantPower_REPT_TS_150_0001_0_100,3,CP_DChg,8,2025-11-27 09:31:56.432,2025-11-27 09:31:56.432,75.5,75.5,0.0,0.001,3.317604,3.317604,250.479241339,250.479241339,0.0,0.5
RD_LFP_ConstantPower_REPT_TS_150_0001_0_100,3,CP_DChg,9,2025-11-27 09:31:56.460,2025-11-27 10:16:39.434,54.43,55.38,0.0,41.164,3.25,3.30705,179.990983208,180.00042367700001,2683.0,0.37
RD_LFP_ConstantPower_REPT_TS_150_0001_0_100,3,CP_DChg,10,2025-11-27 10:16:39.453,2025-11-27 14:07:44.986,27.41,36.0,0.0,108.466,2.499987,3.283692,89.987708078,90.00097948199999,13866.0,0.24
RD_LFP_ConstantPower_REPT_TS_150_0001_0_100,3,Rest,7,2025-11-27 09:01:56.101,2025-11-27 09:31:56.399,0.0,0.0,0.0,0.0,3.347249,3.647213,0.0,0.0,1800.0,0.0
RD_LFP_ConstantPower_REPT_TS_150_0001_0_100,3,Rest,11,2025-11-27 14:07:45.015,2025-11-27 14:37:45.426,0.0,0.0,0.0,0.0,2.500107,2.737538,0.0,0.0,1800.0,0.0
RD_LFP_ConstantPower_REPT_TS_150_0003_0_100,1,CC_DChg,2,2025-11-26 12:24:47.199,2025-11-26 12:25:07.677,49.99,50.0,0.0,0.289,2.499936,2.695664,124.992320115,134.76954915800002,20.0,0.33
RD_LFP_ConstantPower_REPT_TS_150_0003_0_100,1,CP_Chg,4,2025-11-26 12:55:08.005,2025-11-26 13:13:01.759,27.69,34.1,0.0,8.694,2.639414,3.25,89.995306229,90.013379011,1074.0,0.23
RD_LFP_ConstantPower_REPT_TS_150_0003_0_100,1,CP_Chg,5,2025-11-26 13:13:01.801,2025-11-26 15:52:32.071,50.0,55.12,0.0,141.184,3.265764,3.600009,179.987590692,180.00460540199998,9570.0,0.37
RD_LFP_ConstantPower_REPT_TS_150_0003_0_100,1,CP_Chg,6,2025-11-26 15:52:32.101,2025-11-26 15:52:36.228,73.98,74.82,0.0,0.086,3.608741,3.650035,269.99994531699997,270.033935847,4.0,0.5
RD_LFP_ConstantPower_REPT_TS_150_0003_0_100,1,CP_DChg,8,2025-11-26 16:22:36.397,2025-11-26 16:22:36.397,75.5,75.5,0.0,0.0,3.307443,3.307443,249.711708364,249.711708364,0.0,0.5
RD_LFP_ConstantPower_REPT_TS_150_0003_0_100,1,CP_DChg,9,2025-11-26 16:22:36.424,2025-11-26 17:09:57.018,54.46,55.38,0.0,43.564,3.25,3.304892,179.99188454,180.000477571,2841.0,0.37
RD_LFP_ConstantPower_REPT_TS_150_0003_0_100,1,CP_DChg,10,2025-11-26 17:09:57.049,2025-11-26 20:55:43.707,27.41,35.99,0.0,105.858,2.499996,3.28279,89.985771023,90.00076614599999,13547.0,0.24
RD_LFP_ConstantPower_REPT_TS_150_0003_0_100,1,Rest,1,2025-11-26 12:24:17.187,2025-11-26 12:24:47.152,0.0,0.0,0.0,0.0,2.720638,2.720662,0.0,0.0,30.0,0.0
RD_LFP_ConstantPower_REPT_TS_150_0003_0_100,1,Rest,3,2025-11-26 12:25:07.700,2025-11-26 12:55:07.981,0.0,0.0,0.0,0.0,2.50136,2.620568,0.0,0.0,1800.0,0.0
RD_LFP_ConstantPower_REPT_TS_150_0003_0_100,1,Rest,7,2025-11-26 15:52:36.260,2025-11-26 16:22:36.367,0.0,0.0,0.0,0.0,3.338555,3.645383,0.0,0.0,1800.0,0.0
RD_LFP_ConstantPower_REPT_TS_150_0003_0_100,1,Rest,11,2025-11-26 20:55:43.738,2025-11-26 21:25:44.109,0.0,0.0,0.0,0.0,2.50346,2.738561,0.0,0.0,1800.0,0.0
RD_LFP_ConstantPower_REPT_TS_150_0003_0_100,2,CP_Chg,4,2025-11-26 21:25:44.147,2025-11-26 21:43:17.438,27.69,32.63,0.0,8.499,2.757933,3.250002,89.995123532,90.00429790400001,1053.0,0.22
RD_LFP_ConstantPower_REPT_TS_150_0003_0_100,2,CP_Chg,5,2025-11-26 21:43:17.457,2025-11-27 00:22:55.376,50.0,55.22,0.0,141.528,3.259508,3.600011,179.99328939300003,180.001068852,9578.0,0.37
RD_LFP_ConstantPower_REPT_TS_150_0003_0_100,2,CP_Chg,6,2025-11-27 00:22:55.400,2025-11-27 00:22:59.394,73.98,74.86,0.0,0.083,3.606706,3.650064,269.999298298,270.03448985399996,4.0,0.5
RD_LFP_ConstantPower_REPT_TS_150_0003_0_100,2,CP_DChg,8,2025-11-27 00:52:59.482,2025-11-27 00:52:59.482,75.5,75.5,0.0,0.001,3.307199,3.307199,249.693309532,249.693309532,0.0,0.5
RD_LFP_ConstantPower_REPT_TS_150_0003_0_100,2,CP_DChg,9,2025-11-27 00:52:59.532,2025-11-27 01:40:01.888,54.37,55.38,0.0,43.272,3.25,3.31056,179.99083900899998,180.00042082,2822.0,0.37
RD_LFP_ConstantPower_REPT_TS_150_0003_0_100,2,CP_DChg,10,2025-11-27 01:40:01.929,2025-11-27 05:28:10.519,27.41,35.99,0.0,106.9,2.499995,3.283049,89.98484003,90.000656265,13689.0,0.24
RD_LFP_ConstantPower_REPT_TS_150_0003_0_100,2,Rest,7,2025-11-27 00:22:59.417,2025-11-27 00:52:59.452,0.0,0.0,0.0,0.0,3.345137,3.647028,0.0,0.0,1800.0,0.0
RD_LFP_ConstantPower_REPT_TS_150_0003_0_100,2,Rest,11,2025-11-27 05:28:10.549,2025-11-27 05:58:10.695,0.0,0.0,0.0,0.0,2.503643,2.731335,0.0,0.0,1800.0,0.0
RD_LFP_ConstantPower_REPT_TS_150_0003_0_100,3,CP_Chg,4,2025-11-27 05:58:10.726,2025-11-27 06:16:09.313,27.69,32.74,0.0,8.698,2.748849,3.250001,89.994980123,90.004197711,1079.0,0.22
RD_LFP_ConstantPower_REPT_TS_150_0003_0_100,3,CP_Chg,5,2025-11-27 06:16:09.354,2025-11-27 08:55:49.510,50.0,55.11,0.0,141.62,3.26597,3.600004,179.993047071,180.001438275,9580.0,0.37
RD_LFP_ConstantPower_REPT_TS_150_0003_0_100,3,CP_Chg,6,2025-11-27 08:55:49.529,2025-11-27 08:55:53.463,73.98,74.87,0.0,0.082,3.606096,3.650032,269.999747108,270.036360056,4.0,0.5
RD_LFP_ConstantPower_REPT_TS_150_0003_0_100,3,CP_DChg,8,2025-11-27 09:25:54.038,2025-11-27 09:25:54.038,75.5,75.5,0.0,0.001,3.309596,3.309596,249.87427294699998,249.87427294699998,0.0,0.5
RD_LFP_ConstantPower_REPT_TS_150_0003_0_100,3,CP_DChg,9,2025-11-27 09:25:54.069,2025-11-27 10:16:07.498,54.31,55.38,0.0,46.185,3.249999,3.314595,179.99070961799998,180.00035941899998,3013.0,0.37
RD_LFP_ConstantPower_REPT_TS_150_0003_0_100,3,CP_DChg,10,2025-11-27 10:16:07.529,2025-11-27 13:58:07.438,27.42,35.99,0.0,104.17,2.5,3.282218,89.986975,90.00076245700001,13320.0,0.24
RD_LFP_ConstantPower_REPT_TS_150_0003_0_100,3,Rest,7,2025-11-27 08:55:53.513,2025-11-27 09:25:54.011,0.0,0.0,0.0,0.0,3.347454,3.645594,0.0,0.0,1800.0,0.0
RD_LFP_ConstantPower_REPT_TS_150_0003_0_100,3,Rest,11,2025-11-27 13:58:07.469,2025-11-27 14:28:07.656,0.0,0.0,0.0,0.0,2.502786,2.745425,0.0,0.0,1800.0,0.0
RD_LFP_ConstantPower_REPT_TS_150_0004_0_100,1,CC_DChg,2,2025-11-26 12:24:47.249,2025-11-26 12:25:05.447,49.99,50.0,0.0,0.258,2.499917,2.676761,124.99134515,133.824588569,18.0,0.33
RD_LFP_ConstantPower_REPT_TS_150_0004_0_100,1,CP_Chg,4,2025-11-26 12:55:05.770,2025-11-26 13:13:19.475,27.69,34.09,0.0,8.855,2.640358,3.250001,89.995132098,90.01220869100001,1094.0,0.23
RD_LFP_ConstantPower_REPT_TS_150_0004_0_100,1,CP_Chg,5,2025-11-26 13:13:19.495,2025-11-26 15:53:18.836,50.0,55.21,0.0,141.767,3.260304,3.600006,179.99329102500002,180.00057128100002,9599.0,0.37
RD_LFP_ConstantPower_REPT_TS_150_0004_0_100,1,CP_Chg,6,2025-11-26 15:53:18.866,2025-11-26 15:53:22.936,73.98,74.75,0.0,0.085,3.612266,3.650046,269.99992751,270.035368737,4.0,0.5
RD_LFP_ConstantPower_REPT_TS_150_0004_0_100,1,CP_DChg,8,2025-11-26 16:23:23.196,2025-11-26 16:23:23.196,75.5,75.5,0.0,0.0,3.314958,3.314958,250.279345575,250.279345575,0.0,0.5
RD_LFP_ConstantPower_REPT_TS_150_0004_0_100,1,CP_DChg,9,2025-11-26 16:23:23.223,2025-11-26 17:14:55.253,54.42,55.38,0.0,47.401,3.249999,3.307886,179.990465608,180.000457658,3092.0,0.37
RD_LFP_ConstantPower_REPT_TS_150_0004_0_100,1,CP_DChg,10,2025-11-26 17:14:55.273,2025-11-26 20:54:16.867,27.43,35.99,0.0,102.885,2.499961,3.280496,89.98387123,90.00068666000001,13162.0,0.24
RD_LFP_ConstantPower_REPT_TS_150_0004_0_100,1,Rest,1,2025-11-26 12:24:17.246,2025-11-26 12:24:47.215,0.0,0.0,0.0,0.0,2.710294,2.710325,0.0,0.0,30.0,0.0
RD_LFP_ConstantPower_REPT_TS_150_0004_0_100,1,Rest,3,2025-11-26 12:25:05.477,2025-11-26 12:55:05.739,0.0,0.0,0.0,0.0,2.505213,2.618029,0.0,0.0,1800.0,0.0
RD_LFP_ConstantPower_REPT_TS_150_0004_0_100,1,Rest,7,2025-11-26 15:53:22.974,2025-11-26 16:23:23.158,0.0,0.0,0.0,0.0,3.340544,3.644866,0.0,0.0,1800.0,0.0
RD_LFP_ConstantPower_REPT_TS_150_0004_0_100,1,Rest,11,2025-11-26 20:54:16.894,2025-11-26 21:24:17.306,0.0,0.0,0.0,0.0,2.502758,2.715051,0.0,0.0,1800.0,0.0
RD_LFP_ConstantPower_REPT_TS_150_0004_0_100,2,CP_Chg,4,2025-11-26 21:24:17.357,2025-11-26 21:42:26.681,27.69,32.92,0.0,8.8,2.734259,3.250002,89.99511858300001,90.006193785,1089.0,0.22
RD_LFP_ConstantPower_REPT_TS_150_0004_0_100,2,CP_Chg,5,2025-11-26 21:42:26.712,2025-11-27 00:22:40.294,50.0,55.11,0.0,142.196,3.266429,3.600007,179.99306609099997,180.00250291499998,9614.0,0.37
RD_LFP_ConstantPower_REPT_TS_150_0004_0_100,2,CP_Chg,6,2025-11-27 00:22:40.331,2025-11-27 00:22:44.092,73.98,74.74,0.0,0.078,3.612294,3.650033,270.000003526,270.03953812500004,4.0,0.5
RD_LFP_ConstantPower_REPT_TS_150_0004_0_100,2,CP_DChg,8,2025-11-27 00:52:43.861,2025-11-27 00:52:43.861,75.5,75.5,0.0,0.001,3.312287,3.312287,250.07763206500002,250.07763206500002,0.0,0.5
RD_LFP_ConstantPower_REPT_TS_150_0004_0_100,2,CP_DChg,9,2025-11-27 00:52:43.892,2025-11-27 01:44:23.171,54.26,55.38,0.0,47.49,3.25,3.317502,179.99110756000002,180.009159751,3099.0,0.37
RD_LFP_ConstantPower_REPT_TS_150_0004_0_100,2,CP_DChg,10,2025-11-27 01:44:23.194,2025-11-27 05:25:24.995,27.43,35.99,0.0,103.622,2.499953,3.28089,89.98340828,90.000641557,13262.0,0.24
RD_LFP_ConstantPower_REPT_TS_150_0004_0_100,2,Rest,7,2025-11-27 00:22:44.123,2025-11-27 00:52:43.830,0.0,0.0,0.0,0.0,3.350735,3.644516,0.0,0.0,1800.0,0.0
RD_LFP_ConstantPower_REPT_TS_150_0004_0_100,2,Rest,11,2025-11-27 05:25:25.024,2025-11-27 05:55:25.857,0.0,0.0,0.0,0.0,2.502551,2.71033,0.0,0.0,1801.0,0.0
RD_LFP_ConstantPower_REPT_TS_150_0004_0_100,3,CP_Chg,4,2025-11-27 05:55:25.895,2025-11-27 06:13:59.262,27.69,32.97,0.0,8.995,2.729779,3.25,89.987626196,90.005392194,1113.0,0.22
RD_LFP_ConstantPower_REPT_TS_150_0004_0_100,3,CP_Chg,5,2025-11-27 06:13:59.289,2025-11-27 08:54:18.346,50.0,55.12,0.0,142.324,3.265502,3.600003,179.993486464,180.003158665,9619.0,0.37
RD_LFP_ConstantPower_REPT_TS_150_0004_0_100,3,CP_Chg,6,2025-11-27 08:54:18.372,2025-11-27 08:54:22.013,73.98,74.73,0.0,0.076,3.612981,3.650013,269.999920805,270.040842615,4.0,0.5
RD_LFP_ConstantPower_REPT_TS_150_0004_0_100,3,CP_DChg,8,2025-11-27 09:24:22.493,2025-11-27 09:24:22.493,75.5,75.5,0.0,0.001,3.315659,3.315659,250.332038982,250.332038982,0.0,0.5
RD_LFP_ConstantPower_REPT_TS_150_0004_0_100,3,CP_DChg,9,2025-11-27 09:24:22.517,2025-11-27 10:18:47.457,54.21,55.38,0.0,50.011,3.249999,3.320559,179.990442247,180.000431796,3265.0,0.37
RD_LFP_ConstantPower_REPT_TS_150_0004_0_100,3,CP_DChg,10,2025-11-27 10:18:47.487,2025-11-27 13:54:44.702,27.44,35.99,0.0,101.363,2.499994,3.279205,89.984686536,90.000610484,12957.0,0.24
RD_LFP_ConstantPower_REPT_TS_150_0004_0_100,3,Rest,7,2025-11-27 08:54:22.045,2025-11-27 09:24:22.467,0.0,0.0,0.0,0.0,3.355802,3.648618,0.0,0.0,1800.0,0.0
RD_LFP_ConstantPower_REPT_TS_150_0004_0_100,3,Rest,11,2025-11-27 13:54:44.729,2025-11-27 14:24:44.897,0.0,0.0,0.0,0.0,2.50298,2.719667,0.0,0.0,1800.0,0.0
RD_LFP_ConstantPower_REPT_TS_150_0007_0_100,1,CC_DChg,2,2025-11-26 12:24:47.629,2025-11-26 12:25:07.134,49.99,50.0,0.0,0.276,2.499961,2.72196,124.993825066,136.08434664900003,20.0,0.33
RD_LFP_ConstantPower_REPT_TS_150_0007_0_100,1,CP_Chg,4,2025-11-26 12:55:07.502,2025-11-26 13:11:26.342,27.69,33.79,0.0,7.915,2.663393,3.250001,89.99505902099999,90.01046779900001,979.0,0.23
RD_LFP_ConstantPower_REPT_TS_150_0007_0_100,1,CP_Chg,5,2025-11-26 13:11:26.383,2025-11-26 15:46:25.745,50.0,55.08,0.0,136.763,3.267778,3.600005,179.992522984,180.000942838,9299.0,0.37
RD_LFP_ConstantPower_REPT_TS_150_0007_0_100,1,CP_Chg,6,2025-11-26 15:46:25.764,2025-11-26 15:46:30.537,73.98,74.88,0.0,0.098,3.605896,3.650037,269.99981087500004,270.025608846,5.0,0.5
RD_LFP_ConstantPower_REPT_TS_150_0007_0_100,1,CP_DChg,8,2025-11-26 16:16:30.779,2025-11-26 16:16:30.779,75.5,75.5,0.0,0.001,3.334348,3.334348,251.74341737700001,251.74341737700001,0.0,0.5
RD_LFP_ConstantPower_REPT_TS_150_0007_0_100,1,CP_DChg,9,2025-11-26 16:16:30.808,2025-11-26 16:47:32.505,54.54,55.38,0.0,28.606,3.25,3.300188,179.991376665,180.000925941,1862.0,0.37
RD_LFP_ConstantPower_REPT_TS_150_0007_0_100,1,CP_DChg,10,2025-11-26 16:47:32.525,2025-11-26 20:54:19.388,27.4,35.99,0.0,115.728,2.499965,3.284056,89.985210189,90.000946647,14807.0,0.24
RD_LFP_ConstantPower_REPT_TS_150_0007_0_100,1,Rest,1,2025-11-26 12:24:17.636,2025-11-26 12:24:47.592,0.0,0.0,0.0,0.0,2.728447,2.728468,0.0,0.0,30.0,0.0
RD_LFP_ConstantPower_REPT_TS_150_0007_0_100,1,Rest,3,2025-11-26 12:25:07.164,2025-11-26 12:55:07.475,0.0,0.0,0.0,0.0,2.500578,2.644414,0.0,0.0,1800.0,0.0
RD_LFP_ConstantPower_REPT_TS_150_0007_0_100,1,Rest,7,2025-11-26 15:46:30.566,2025-11-26 16:16:30.747,0.0,0.0,0.0,0.0,3.339523,3.648293,0.0,0.0,1800.0,0.0
RD_LFP_ConstantPower_REPT_TS_150_0007_0_100,1,Rest,11,2025-11-26 20:54:19.407,2025-11-26 21:24:19.752,0.0,0.0,0.0,0.0,2.500078,2.724948,0.0,0.0,1800.0,0.0
RD_LFP_ConstantPower_REPT_TS_150_0007_0_100,2,CP_Chg,4,2025-11-26 21:24:19.812,2025-11-26 21:40:49.205,27.69,32.86,0.0,7.988,2.739114,3.250001,89.995260266,90.005891399,989.0,0.22
RD_LFP_ConstantPower_REPT_TS_150_0007_0_100,2,CP_Chg,5,2025-11-26 21:40:49.231,2025-11-27 00:15:42.647,50.0,55.19,0.0,136.954,3.261643,3.6,179.993153288,180.000205669,9293.0,0.37
RD_LFP_ConstantPower_REPT_TS_150_0007_0_100,2,CP_Chg,6,2025-11-27 00:15:42.674,2025-11-27 00:15:47.420,73.98,74.74,0.0,0.098,3.612641,3.65,269.999839828,270.02840420300004,5.0,0.5
RD_LFP_ConstantPower_REPT_TS_150_0007_0_100,2,CP_DChg,8,2025-11-27 00:45:46.902,2025-11-27 00:45:46.902,75.5,75.5,0.0,0.001,3.309656,3.309656,249.879272915,249.879272915,0.0,0.5
RD_LFP_ConstantPower_REPT_TS_150_0007_0_100,2,CP_DChg,9,2025-11-27 00:45:46.922,2025-11-27 01:16:42.566,54.5,55.38,0.0,28.493,3.25,3.302786,179.991233177,180.000567482,1856.0,0.37
RD_LFP_ConstantPower_REPT_TS_150_0007_0_100,2,CP_DChg,10,2025-11-27 01:16:42.585,2025-11-27 05:25:27.771,27.4,35.99,0.0,116.569,2.499965,3.284018,89.984590198,90.00089701,14925.0,0.24
RD_LFP_ConstantPower_REPT_TS_150_0007_0_100,2,Rest,7,2025-11-27 00:15:47.439,2025-11-27 00:45:46.875,0.0,0.0,0.0,0.0,3.344737,3.649331,0.0,0.0,1799.0,0.0
RD_LFP_ConstantPower_REPT_TS_150_0007_0_100,2,Rest,11,2025-11-27 05:25:27.802,2025-11-27 05:55:28.592,0.0,0.0,0.0,0.0,2.502746,2.718061,0.0,0.0,1801.0,0.0
RD_LFP_ConstantPower_REPT_TS_150_0007_0_100,3,CP_Chg,4,2025-11-27 05:55:28.642,2025-11-27 06:12:30.771,27.69,32.99,0.0,8.251,2.728392,3.250001,89.99520214500001,90.005553138,1022.0,0.22
RD_LFP_ConstantPower_REPT_TS_150_0007_0_100,3,CP_Chg,5,2025-11-27 06:12:30.799,2025-11-27 08:47:22.071,50.0,55.14,0.0,137.018,3.26466,3.600007,179.992941949,180.000724725,9291.0,0.37
RD_LFP_ConstantPower_REPT_TS_150_0007_0_100,3,CP_Chg,6,2025-11-27 08:47:22.098,2025-11-27 08:47:26.748,73.98,74.91,0.0,0.096,3.604207,3.650001,269.999951448,270.029302529,5.0,0.5
RD_LFP_ConstantPower_REPT_TS_150_0007_0_100,3,CP_DChg,8,2025-11-27 09:17:27.104,2025-11-27 09:17:27.104,75.5,75.5,0.0,0.0,3.338135,3.338135,252.02891877300002,252.02891877300002,0.0,0.5
RD_LFP_ConstantPower_REPT_TS_150_0007_0_100,3,CP_DChg,9,2025-11-27 09:17:27.123,2025-11-27 09:54:28.271,54.45,55.38,0.0,34.097,3.25,3.305517,179.990499515,180.00074069599998,2221.0,0.37
RD_LFP_ConstantPower_REPT_TS_150_0007_0_100,3,CP_DChg,10,2025-11-27 09:54:28.294,2025-11-27 13:51:17.811,27.41,35.99,0.0,111.2,2.499971,3.283585,89.985863652,90.00088631,14210.0,0.24
RD_LFP_ConstantPower_REPT_TS_150_0007_0_100,3,Rest,7,2025-11-27 08:47:26.771,2025-11-27 09:17:27.084,0.0,0.0,0.0,0.0,3.346515,3.649316,0.0,0.0,1800.0,0.0
RD_LFP_ConstantPower_REPT_TS_150_0007_0_100,3,Rest,11,2025-11-27 13:51:17.830,2025-11-27 14:21:17.298,0.0,0.0,0.0,0.0,2.500075,2.73039,0.0,0.0,1799.0,0.0
RD_LFP_ConstantPower_REPT_TS_150_0011_0_100,1,CC_DChg,2,2025-11-26 12:24:47.672,2025-11-26 12:25:07.115,49.99,50.0,0.0,0.275,2.499995,2.689873,124.995207509,134.480168357,19.0,0.33
RD_LFP_ConstantPower_REPT_TS_150_0011_0_100,1,CP_Chg,4,2025-11-26 12:55:07.476,2025-11-26 13:13:07.494,27.69,34.25,0.0,8.743,2.627982,3.25,89.995141054,90.012049103,1080.0,0.23
RD_LFP_ConstantPower_REPT_TS_150_0011_0_100,1,CP_Chg,5,2025-11-26 13:13:07.521,2025-11-26 15:52:48.841,50.0,55.15,0.0,141.411,3.263807,3.600006,179.992877635,180.000800821,9581.0,0.37
RD_LFP_ConstantPower_REPT_TS_150_0011_0_100,1,CP_Chg,6,2025-11-26 15:52:48.871,2025-11-26 15:52:53.102,73.98,74.76,0.0,0.088,3.611356,3.650034,269.999942629,270.035166223,4.0,0.5
RD_LFP_ConstantPower_REPT_TS_150_0011_0_100,1,CP_DChg,8,2025-11-26 16:22:53.218,2025-11-26 16:22:53.218,75.5,75.5,0.0,0.001,3.313368,3.313368,250.159585516,250.159585516,0.0,0.5
RD_LFP_ConstantPower_REPT_TS_150_0011_0_100,1,CP_DChg,9,2025-11-26 16:22:53.259,2025-11-26 17:10:56.444,54.44,55.38,0.0,44.212,3.25,3.306119,179.991759094,180.000532115,2883.0,0.37
RD_LFP_ConstantPower_REPT_TS_150_0011_0_100,1,CP_DChg,10,2025-11-26 17:10:56.471,2025-11-26 20:55:48.153,27.43,35.99,0.0,105.467,2.499997,3.281559,89.98616201600001,90.00095418699999,13492.0,0.24
RD_LFP_ConstantPower_REPT_TS_150_0011_0_100,1,Rest,1,2025-11-26 12:24:17.689,2025-11-26 12:24:47.645,0.0,0.0,0.0,0.0,2.717979,2.718007,0.0,0.0,30.0,0.0
RD_LFP_ConstantPower_REPT_TS_150_0011_0_100,1,Rest,3,2025-11-26 12:25:07.146,2025-11-26 12:55:07.456,0.0,0.0,0.0,0.0,2.503021,2.623365,0.0,0.0,1800.0,0.0
RD_LFP_ConstantPower_REPT_TS_150_0011_0_100,1,Rest,7,2025-11-26 15:52:53.132,2025-11-26 16:22:53.191,0.0,0.0,0.0,0.0,3.338641,3.6469,0.0,0.0,1800.0,0.0
RD_LFP_ConstantPower_REPT_TS_150_0011_0_100,1,Rest,11,2025-11-26 20:55:48.184,2025-11-26 21:25:48.827,0.0,0.0,0.0,0.0,2.501866,2.733426,0.0,0.0,1801.0,0.0
RD_LFP_ConstantPower_REPT_TS_150_0011_0_100,2,CP_Chg,4,2025-11-26 21:25:48.875,2025-11-26 21:43:32.083,27.69,32.69,0.0,8.58,2.753145,3.250002,89.994871312,90.003916621,1063.0,0.22
RD_LFP_ConstantPower_REPT_TS_150_0011_0_100,2,CP_Chg,5,2025-11-26 21:43:32.114,2025-11-27 00:23:21.007,50.0,55.13,0.0,141.758,3.26498,3.600008,179.978032394,180.001116402,9589.0,0.37
RD_LFP_ConstantPower_REPT_TS_150_0011_0_100,2,CP_Chg,6,2025-11-27 00:23:21.039,2025-11-27 00:23:25.087,73.98,74.91,0.0,0.084,3.6043,3.650059,269.999652036,270.03678582,4.0,0.5
RD_LFP_ConstantPower_REPT_TS_150_0011_0_100,2,CP_DChg,8,2025-11-27 00:53:26.198,2025-11-27 00:53:26.198,75.5,75.5,0.0,0.001,3.328649,3.328649,251.31281309599999,251.31281309599999,0.0,0.5
RD_LFP_ConstantPower_REPT_TS_150_0011_0_100,2,CP_DChg,9,2025-11-27 00:53:26.237,2025-11-27 01:41:04.086,54.39,55.38,0.0,43.826,3.25,3.30968,179.99108453399998,180.000599134,2858.0,0.37
RD_LFP_ConstantPower_REPT_TS_150_0011_0_100,2,CP_DChg,10,2025-11-27 01:41:04.105,2025-11-27 05:28:33.195,27.42,35.99,0.0,106.613,2.499967,3.281965,89.98513468099999,90.000754909,13649.0,0.24
RD_LFP_ConstantPower_REPT_TS_150_0011_0_100,2,Rest,7,2025-11-27 00:23:25.114,2025-11-27 00:53:26.166,0.0,0.0,0.0,0.0,3.345155,3.646139,0.0,0.0,1801.0,0.0
RD_LFP_ConstantPower_REPT_TS_150_0011_0_100,2,Rest,11,2025-11-27 05:28:33.226,2025-11-27 05:58:33.306,0.0,0.0,0.0,0.0,2.502636,2.724564,0.0,0.0,1800.0,0.0
RD_LFP_ConstantPower_REPT_TS_150_0011_0_100,3,CP_Chg,4,2025-11-27 05:58:33.344,2025-11-27 06:16:46.040,27.69,32.81,0.0,8.815,2.742839,3.25,89.99491871500001,90.00416278899999,1093.0,0.22
RD_LFP_ConstantPower_REPT_TS_150_0011_0_100,3,CP_Chg,5,2025-11-27 06:16:46.059,2025-11-27 08:56:36.100,50.0,55.26,0.0,141.819,3.257294,3.600002,179.99190093800001,180.001774335,9590.0,0.37
RD_LFP_ConstantPower_REPT_TS_150_0011_0_100,3,CP_Chg,6,2025-11-27 08:56:36.131,2025-11-27 08:56:40.122,73.98,74.88,0.0,0.083,3.606005,3.650036,270.000105727,270.03615933400005,4.0,0.5
RD_LFP_ConstantPower_REPT_TS_150_0011_0_100,3,CP_DChg,8,2025-11-27 09:26:39.682,2025-11-27 09:26:39.682,75.5,75.5,0.0,0.001,3.313949,3.313949,250.202887698,250.202887698,0.0,0.5
RD_LFP_ConstantPower_REPT_TS_150_0011_0_100,3,CP_DChg,9,2025-11-27 09:26:39.701,2025-11-27 10:18:01.834,54.34,55.38,0.0,47.224,3.25,3.312366,179.990618705,180.000364332,3082.0,0.37
RD_LFP_ConstantPower_REPT_TS_150_0011_0_100,3,CP_DChg,10,2025-11-27 10:18:01.854,2025-11-27 13:58:17.078,27.43,36.0,0.0,103.392,2.49998,3.280604,89.986960303,90.000619475,13215.0,0.24
RD_LFP_ConstantPower_REPT_TS_150_0011_0_100,3,Rest,7,2025-11-27 08:56:40.160,2025-11-27 09:26:39.651,0.0,0.0,0.0,0.0,3.347344,3.6466,0.0,0.0,1799.0,0.0
RD_LFP_ConstantPower_REPT_TS_150_0011_0_100,3,Rest,11,2025-11-27 13:58:17.105,2025-11-27 14:28:17.230,0.0,0.0,0.0,0.0,2.501995,2.740269,0.0,0.0,1800.0,0.0
RD_LFP_ConstantPower_REPT_TS_150_0012_0_100,1,CC_DChg,2,2025-11-26 12:24:47.744,2025-11-26 12:25:12.487,49.99,50.0,0.0,0.349,2.499978,2.703211,124.994600038,135.14691230100001,25.0,0.33
RD_LFP_ConstantPower_REPT_TS_150_0012_0_100,1,CP_Chg,4,2025-11-26 12:55:12.795,2025-11-26 13:13:21.335,27.69,34.08,0.0,8.814,2.64079,3.250001,89.994964564,90.025912556,1089.0,0.23
RD_LFP_ConstantPower_REPT_TS_150_0012_0_100,1,CP_Chg,5,2025-11-26 13:13:21.375,2025-11-26 15:47:43.856,50.0,55.11,0.0,136.787,3.266141,3.600004,179.992027006,180.000518137,9262.0,0.37
RD_LFP_ConstantPower_REPT_TS_150_0012_0_100,1,CP_Chg,6,2025-11-26 15:47:43.887,2025-11-26 15:47:47.950,73.98,74.78,0.0,0.085,3.610495,3.650067,269.999700564,270.03434216200003,4.0,0.5
RD_LFP_ConstantPower_REPT_TS_150_0012_0_100,1,CP_DChg,8,2025-11-26 16:17:48.110,2025-11-26 16:17:48.110,75.5,75.5,0.0,0.001,3.298096,3.298096,249.005980854,249.005980854,0.0,0.5
RD_LFP_ConstantPower_REPT_TS_150_0012_0_100,1,CP_DChg,9,2025-11-26 16:17:48.161,2025-11-26 17:03:28.122,54.46,55.38,0.0,42.005,3.249998,3.305323,179.99148753799997,180.003320516,2740.0,0.37
RD_LFP_ConstantPower_REPT_TS_150_0012_0_100,1,CP_DChg,10,2025-11-26 17:03:28.181,2025-11-26 20:43:17.779,27.44,35.99,0.0,103.147,2.499975,3.280315,89.985652634,90.000642365,13190.0,0.24
RD_LFP_ConstantPower_REPT_TS_150_0012_0_100,1,Rest,1,2025-11-26 12:24:17.760,2025-11-26 12:24:47.714,0.0,0.0,0.0,0.0,2.733665,2.733684,0.0,0.0,30.0,0.0
RD_LFP_ConstantPower_REPT_TS_150_0012_0_100,1,Rest,3,2025-11-26 12:25:12.529,2025-11-26 12:55:12.764,0.0,0.0,0.0,0.0,2.505453,2.621627,0.0,0.0,1800.0,0.0
RD_LFP_ConstantPower_REPT_TS_150_0012_0_100,1,Rest,7,2025-11-26 15:47:48.009,2025-11-26 16:17:48.074,0.0,0.0,0.0,0.0,3.337193,3.644727,0.0,0.0,1800.0,0.0
RD_LFP_ConstantPower_REPT_TS_150_0012_0_100,1,Rest,11,2025-11-26 20:43:17.810,2025-11-26 21:13:17.777,0.0,0.0,0.0,0.0,2.502643,2.725582,0.0,0.0,1800.0,0.0
RD_LFP_ConstantPower_REPT_TS_150_0012_0_100,2,CP_Chg,4,2025-11-26 21:13:17.822,2025-11-26 21:31:16.393,27.69,32.82,0.0,8.697,2.742188,3.250002,89.99457567799999,90.004871944,1079.0,0.22
RD_LFP_ConstantPower_REPT_TS_150_0012_0_100,2,CP_Chg,5,2025-11-26 21:31:16.425,2025-11-27 00:05:46.004,50.0,55.12,0.0,137.137,3.265577,3.600013,179.99301553900003,180.001263738,9270.0,0.37
RD_LFP_ConstantPower_REPT_TS_150_0012_0_100,2,CP_Chg,6,2025-11-27 00:05:46.034,2025-11-27 00:05:49.922,73.98,74.76,0.0,0.08,3.611331,3.650071,269.999706849,270.037446596,4.0,0.5
RD_LFP_ConstantPower_REPT_TS_150_0012_0_100,2,CP_DChg,8,2025-11-27 00:35:50.313,2025-11-27 00:35:50.313,75.5,75.5,0.0,0.001,3.310652,3.310652,249.95417634,249.95417634,0.0,0.5
RD_LFP_ConstantPower_REPT_TS_150_0012_0_100,2,CP_DChg,9,2025-11-27 00:35:50.344,2025-11-27 01:21:24.653,54.37,55.38,0.0,41.916,3.25,3.310701,179.991014658,180.000282195,2734.0,0.37
RD_LFP_ConstantPower_REPT_TS_150_0012_0_100,2,CP_DChg,10,2025-11-27 01:21:24.684,2025-11-27 05:03:13.082,27.43,35.99,0.0,104.013,2.499985,3.280805,89.985102203,90.000537627,13308.0,0.24
RD_LFP_ConstantPower_REPT_TS_150_0012_0_100,2,Rest,7,2025-11-27 00:05:49.967,2025-11-27 00:35:50.288,0.0,0.0,0.0,0.0,3.34268,3.644728,0.0,0.0,1800.0,0.0
RD_LFP_ConstantPower_REPT_TS_150_0012_0_100,2,Rest,11,2025-11-27 05:03:13.109,2025-11-27 05:33:13.168,0.0,0.0,0.0,0.0,2.501413,2.717395,0.0,0.0,1800.0,0.0
RD_LFP_ConstantPower_REPT_TS_150_0012_0_100,3,CP_Chg,4,2025-11-27 05:33:13.237,2025-11-27 05:51:37.187,27.69,32.97,0.0,8.916,2.729955,3.25,89.99509868300001,90.004597638,1104.0,0.22
RD_LFP_ConstantPower_REPT_TS_150_0012_0_100,3,CP_Chg,5,2025-11-27 05:51:37.228,2025-11-27 08:26:14.035,50.0,55.16,0.0,137.287,3.263116,3.600011,179.991753677,180.010624275,9277.0,0.37
RD_LFP_ConstantPower_REPT_TS_150_0012_0_100,3,CP_Chg,6,2025-11-27 08:26:14.062,2025-11-27 08:26:17.883,73.98,74.75,0.0,0.079,3.612198,3.650043,269.999970552,270.037597211,4.0,0.5
RD_LFP_ConstantPower_REPT_TS_150_0012_0_100,3,CP_DChg,8,2025-11-27 08:56:18.827,2025-11-27 08:56:18.827,75.5,75.5,0.0,0.001,3.309401,3.309401,249.859871473,249.859871473,0.0,0.5
RD_LFP_ConstantPower_REPT_TS_150_0012_0_100,3,CP_DChg,9,2025-11-27 08:56:18.858,2025-11-27 09:44:28.004,54.3,55.38,0.0,44.272,3.25,3.314623,179.991026192,180.02531802599998,2889.0,0.37
RD_LFP_ConstantPower_REPT_TS_150_0012_0_100,3,CP_DChg,10,2025-11-27 09:44:28.023,2025-11-27 13:21:34.412,27.44,36.0,0.0,101.924,2.499968,3.279423,89.986615657,90.000543396,13026.0,0.24
RD_LFP_ConstantPower_REPT_TS_150_0012_0_100,3,Rest,7,2025-11-27 08:26:17.926,2025-11-27 08:56:18.800,0.0,0.0,0.0,0.0,3.344844,3.643876,0.0,0.0,1801.0,0.0
RD_LFP_ConstantPower_REPT_TS_150_0012_0_100,3,Rest,11,2025-11-27 13:21:34.450,2025-11-27 13:51:34.474,0.0,0.0,0.0,0.0,2.50281,2.730022,0.0,0.0,1800.0,0.0
RD_LFP_ConstantPower_REPT_TS_150_0025_0_100,1,CC_DChg,2,2025-11-26 12:24:47.576,2025-11-26 12:25:03.661,49.99,50.0,0.0,0.228,2.499951,2.664374,124.99296009,133.20529287,16.0,0.33
RD_LFP_ConstantPower_REPT_TS_150_0025_0_100,1,CP_Chg,4,2025-11-26 12:55:03.989,2025-11-26 13:13:03.004,27.69,34.07,0.0,8.737,2.641501,3.25,89.994427411,90.013030058,1079.0,0.23
RD_LFP_ConstantPower_REPT_TS_150_0025_0_100,1,CP_Chg,5,2025-11-26 13:13:03.036,2025-11-26 15:50:42.048,50.0,55.09,0.0,139.545,3.2675,3.600001,179.99215083200002,180.031244657,9459.0,0.37
RD_LFP_ConstantPower_REPT_TS_150_0025_0_100,1,CP_Chg,6,2025-11-26 15:50:42.079,2025-11-26 15:50:46.008,73.98,74.69,0.0,0.081,3.614849,3.650043,269.999891876,270.033945045,4.0,0.5
RD_LFP_ConstantPower_REPT_TS_150_0025_0_100,1,CP_DChg,8,2025-11-26 16:20:45.361,2025-11-26 16:20:45.361,75.5,75.5,0.0,0.001,3.290409,3.290409,248.42604402,248.42604402,0.0,0.5
RD_LFP_ConstantPower_REPT_TS_150_0025_0_100,1,CP_DChg,9,2025-11-26 16:20:45.388,2025-11-26 17:03:36.839,54.54,55.38,0.0,39.465,3.25,3.30011,179.99188234000002,180.000463261,2571.0,0.37
RD_LFP_ConstantPower_REPT_TS_150_0025_0_100,1,CP_DChg,10,2025-11-26 17:03:36.877,2025-11-26 20:54:38.648,27.41,35.99,0.0,108.355,2.499992,3.283764,89.986159543,90.000888583,13862.0,0.24
RD_LFP_ConstantPower_REPT_TS_150_0025_0_100,1,Rest,1,2025-11-26 12:24:17.576,2025-11-26 12:24:47.530,0.0,0.0,0.0,0.0,2.702938,2.702958,0.0,0.0,30.0,0.0
RD_LFP_ConstantPower_REPT_TS_150_0025_0_100,1,Rest,3,2025-11-26 12:25:03.701,2025-11-26 12:55:03.966,0.0,0.0,0.0,0.0,2.507625,2.617849,0.0,0.0,1800.0,0.0
RD_LFP_ConstantPower_REPT_TS_150_0025_0_100,1,Rest,7,2025-11-26 15:50:46.039,2025-11-26 16:20:45.320,0.0,0.0,0.0,0.0,3.33816,3.641563,0.0,0.0,1799.0,0.0
RD_LFP_ConstantPower_REPT_TS_150_0025_0_100,1,Rest,11,2025-11-26 20:54:38.679,2025-11-26 21:24:39.048,0.0,0.0,0.0,0.0,2.50419,2.724745,0.0,0.0,1800.0,0.0
RD_LFP_ConstantPower_REPT_TS_150_0025_0_100,2,CP_Chg,4,2025-11-26 21:24:39.098,2025-11-26 21:42:20.681,27.69,32.74,0.0,8.573,2.748711,3.25,89.994032649,90.008048437,1062.0,0.22
RD_LFP_ConstantPower_REPT_TS_150_0025_0_100,2,CP_Chg,5,2025-11-26 21:42:20.711,2025-11-27 00:20:13.616,50.0,55.08,0.0,139.959,3.267898,3.600008,179.992975425,180.001512402,9473.0,0.37
RD_LFP_ConstantPower_REPT_TS_150_0025_0_100,2,CP_Chg,6,2025-11-27 00:20:13.648,2025-11-27 00:20:17.358,73.98,74.68,0.0,0.077,3.615403,3.650023,270.000020587,270.036376862,4.0,0.5
RD_LFP_ConstantPower_REPT_TS_150_0025_0_100,2,CP_DChg,8,2025-11-27 00:50:17.784,2025-11-27 00:50:17.784,75.5,75.5,0.0,0.001,3.30739,3.30739,249.70782262699998,249.70782262699998,0.0,0.5
RD_LFP_ConstantPower_REPT_TS_150_0025_0_100,2,CP_DChg,9,2025-11-27 00:50:17.823,2025-11-27 01:32:54.363,54.41,55.38,0.0,39.234,3.25,3.30851,179.99109171199999,180.001618117,2557.0,0.37
RD_LFP_ConstantPower_REPT_TS_150_0025_0_100,2,CP_DChg,10,2025-11-27 01:32:54.395,2025-11-27 05:26:14.928,27.41,35.99,0.0,109.373,2.499988,3.2839,89.984765571,90.000715966,14001.0,0.24
RD_LFP_ConstantPower_REPT_TS_150_0025_0_100,2,Rest,7,2025-11-27 00:20:17.388,2025-11-27 00:50:17.757,0.0,0.0,0.0,0.0,3.345274,3.641187,0.0,0.0,1800.0,0.0
RD_LFP_ConstantPower_REPT_TS_150_0025_0_100,2,Rest,11,2025-11-27 05:26:14.986,2025-11-27 05:56:14.775,0.0,0.0,0.0,0.0,2.504231,2.716531,0.0,0.0,1800.0,0.0
RD_LFP_ConstantPower_REPT_TS_150_0025_0_100,3,CP_Chg,4,2025-11-27 05:56:14.813,2025-11-27 06:14:21.638,27.69,32.85,0.0,8.777,2.739806,3.250001,89.995222851,90.00486629999999,1087.0,0.22
RD_LFP_ConstantPower_REPT_TS_150_0025_0_100,3,CP_Chg,5,2025-11-27 06:14:21.679,2025-11-27 08:52:19.542,50.0,55.07,0.0,140.081,3.268516,3.600006,179.991659495,180.016985463,9478.0,0.37
RD_LFP_ConstantPower_REPT_TS_150_0025_0_100,3,CP_Chg,6,2025-11-27 08:52:19.573,2025-11-27 08:52:23.214,73.98,74.68,0.0,0.075,3.615263,3.65005,270.000056814,270.036478665,4.0,0.5
RD_LFP_ConstantPower_REPT_TS_150_0025_0_100,3,CP_DChg,8,2025-11-27 09:22:22.831,2025-11-27 09:22:22.831,75.5,75.5,0.0,0.001,3.300316,3.300316,249.174161629,249.174161629,0.0,0.5
RD_LFP_ConstantPower_REPT_TS_150_0025_0_100,3,CP_DChg,9,2025-11-27 09:22:22.872,2025-11-27 10:08:17.494,54.36,55.38,0.0,42.245,3.25,3.311047,179.991137327,180.00078269699998,2755.0,0.37
RD_LFP_ConstantPower_REPT_TS_150_0025_0_100,3,CP_DChg,10,2025-11-27 10:08:17.526,2025-11-27 13:55:25.652,27.41,35.99,0.0,106.602,2.499983,3.283345,89.986430588,90.00073215399999,13628.0,0.24
RD_LFP_ConstantPower_REPT_TS_150_0025_0_100,3,Rest,7,2025-11-27 08:52:23.255,2025-11-27 09:22:22.795,0.0,0.0,0.0,0.0,3.34815,3.642739,0.0,0.0,1800.0,0.0
RD_LFP_ConstantPower_REPT_TS_150_0025_0_100,3,Rest,11,2025-11-27 13:55:25.683,2025-11-27 14:25:25.824,0.0,0.0,0.0,0.0,2.503605,2.72717,0.0,0.0,1800.0,0.0
RD_LFP_ConstantPower_REPT_TS_150_0034_0_100,1,CC_DChg,2,2025-11-26 12:24:48.120,2025-11-26 12:25:07.016,50.0,50.0,0.0,0.267,2.499989,2.690243,124.99521001900001,134.49872299700002,19.0,0.33
RD_LFP_ConstantPower_REPT_TS_150_0034_0_100,1,CP_Chg,4,2025-11-26 12:55:07.314,2025-11-26 13:12:02.998,27.69,33.95,0.0,8.218,2.651159,3.25,89.99501219599999,90.01274514699999,1016.0,0.23
RD_LFP_ConstantPower_REPT_TS_150_0034_0_100,1,CP_Chg,5,2025-11-26 13:12:03.025,2025-11-26 15:49:22.940,50.0,55.1,0.0,138.803,3.267069,3.600002,179.993452372,179.99998806500003,9440.0,0.37
RD_LFP_ConstantPower_REPT_TS_150_0034_0_100,1,CP_Chg,6,2025-11-26 15:49:22.967,2025-11-26 15:49:27.138,73.98,74.79,0.0,0.086,3.610289,3.65003,269.999960433,270.031659133,4.0,0.5
RD_LFP_ConstantPower_REPT_TS_150_0034_0_100,1,CP_DChg,8,2025-11-26 16:19:27.536,2025-11-26 16:19:27.536,75.5,75.5,0.0,0.001,3.300208,3.300208,249.16542678300002,249.16542678300002,0.0,0.5
RD_LFP_ConstantPower_REPT_TS_150_0034_0_100,1,CP_DChg,9,2025-11-26 16:19:27.575,2025-11-26 16:49:03.723,54.58,55.38,0.0,27.279,3.249998,3.297686,179.990721065,180.000281695,1776.0,0.37
RD_LFP_ConstantPower_REPT_TS_150_0034_0_100,1,CP_DChg,10,2025-11-26 16:49:03.754,2025-11-26 21:03:15.708,27.4,36.0,0.0,119.241,2.499989,3.284266,89.98889154700001,90.000677054,15252.0,0.24
RD_LFP_ConstantPower_REPT_TS_150_0034_0_100,1,Rest,1,2025-11-26 12:24:18.130,2025-11-26 12:24:48.093,0.0,0.0,0.0,0.0,2.719898,2.719925,0.0,0.0,30.0,0.0
RD_LFP_ConstantPower_REPT_TS_150_0034_0_100,1,Rest,3,2025-11-26 12:25:07.022,2025-11-26 12:55:07.290,0.0,0.0,0.0,0.0,2.505427,2.633926,0.0,0.0,1800.0,0.0
RD_LFP_ConstantPower_REPT_TS_150_0034_0_100,1,Rest,7,2025-11-26 15:49:27.168,2025-11-26 16:19:27.509,0.0,0.0,0.0,0.0,3.337718,3.644653,0.0,0.0,1800.0,0.0
RD_LFP_ConstantPower_REPT_TS_150_0034_0_100,1,Rest,11,2025-11-26 21:03:15.749,2025-11-26 21:33:15.969,0.0,0.0,0.0,0.0,2.504163,2.74648,0.0,0.0,1800.0,0.0
RD_LFP_ConstantPower_REPT_TS_150_0034_0_100,2,CP_Chg,4,2025-11-26 21:33:16.009,2025-11-26 21:49:52.141,27.69,32.57,0.0,8.033,2.763594,3.25,89.995157644,90.004399913,996.0,0.22
RD_LFP_ConstantPower_REPT_TS_150_0034_0_100,2,CP_Chg,5,2025-11-26 21:49:52.172,2025-11-27 00:27:08.833,50.0,55.1,0.0,139.01,3.266625,3.600005,179.91254015700002,180.012564682,9437.0,0.37
RD_LFP_ConstantPower_REPT_TS_150_0034_0_100,2,CP_Chg,6,2025-11-27 00:27:08.856,2025-11-27 00:27:13.094,73.98,74.75,0.0,0.087,3.611838,3.65,270.000071778,270.028719446,4.0,0.5
RD_LFP_ConstantPower_REPT_TS_150_0034_0_100,2,CP_DChg,8,2025-11-27 00:57:13.395,2025-11-27 00:57:13.395,75.5,75.5,0.0,0.001,3.29543,3.29543,248.804800228,248.804800228,0.0,0.5
RD_LFP_ConstantPower_REPT_TS_150_0034_0_100,2,CP_DChg,9,2025-11-27 00:57:13.415,2025-11-27 01:25:25.809,54.57,55.38,0.0,26.002,3.25,3.298612,179.990208017,180.00032419399997,1692.0,0.37
RD_LFP_ConstantPower_REPT_TS_150_0034_0_100,2,CP_DChg,10,2025-11-27 01:25:25.847,2025-11-27 05:44:03.676,27.4,36.0,0.0,121.184,2.499992,3.284205,89.987829024,90.000457415,15518.0,0.24
RD_LFP_ConstantPower_REPT_TS_150_0034_0_100,2,Rest,7,2025-11-27 00:27:13.134,2025-11-27 00:57:13.364,0.0,0.0,0.0,0.0,3.341455,3.642882,0.0,0.0,1800.0,0.0
RD_LFP_ConstantPower_REPT_TS_150_0034_0_100,2,Rest,11,2025-11-27 05:44:03.717,2025-11-27 06:14:03.798,0.0,0.0,0.0,0.0,2.503551,2.734531,0.0,0.0,1800.0,0.0
RD_LFP_ConstantPower_REPT_TS_150_0034_0_100,3,CP_Chg,4,2025-11-27 06:14:03.840,2025-11-27 06:31:11.526,27.69,32.73,0.0,8.284,2.750064,3.25,89.995330401,90.00470370500001,1028.0,0.22
RD_LFP_ConstantPower_REPT_TS_150_0034_0_100,3,CP_Chg,5,2025-11-27 06:31:11.553,2025-11-27 09:08:28.857,50.0,55.09,0.0,139.09,3.267132,3.600006,179.992907803,180.000276001,9437.0,0.37
RD_LFP_ConstantPower_REPT_TS_150_0034_0_100,3,CP_Chg,6,2025-11-27 09:08:28.887,2025-11-27 09:08:33.080,73.98,74.7,0.0,0.086,3.614247,3.650001,269.999784849,270.030197699,4.0,0.5
RD_LFP_ConstantPower_REPT_TS_150_0034_0_100,3,CP_DChg,8,2025-11-27 09:38:33.101,2025-11-27 09:38:33.101,75.5,75.5,0.0,0.001,3.294955,3.294955,248.76921123399998,248.76921123399998,0.0,0.5
RD_LFP_ConstantPower_REPT_TS_150_0034_0_100,3,CP_DChg,9,2025-11-27 09:38:33.132,2025-11-27 10:14:35.681,54.54,55.38,0.0,33.191,3.249999,3.300329,179.990296423,180.004042535,2163.0,0.37
RD_LFP_ConstantPower_REPT_TS_150_0034_0_100,3,CP_DChg,10,2025-11-27 10:14:35.717,2025-11-27 14:17:38.777,27.4,36.0,0.0,114.177,2.499998,3.284435,89.989443008,90.000452059,14583.0,0.24
RD_LFP_ConstantPower_REPT_TS_150_0034_0_100,3,Rest,7,2025-11-27 09:08:33.111,2025-11-27 09:38:33.066,0.0,0.0,0.0,0.0,3.342101,3.643711,0.0,0.0,1800.0,0.0
RD_LFP_ConstantPower_REPT_TS_150_0034_0_100,3,Rest,11,2025-11-27 14:17:38.808,2025-11-27 14:47:39.157,0.0,0.0,0.0,0.0,2.503364,2.750976,0.0,0.0,1800.0,0.0
RD_LFP_ConstantPower_REPT_TS_150_0040_0_100,1,CC_DChg,2,2025-11-26 12:24:48.996,2025-11-26 12:25:11.337,49.99,50.0,0.0,0.315,2.499911,2.691667,124.99130265100001,134.569719398,22.0,0.33
RD_LFP_ConstantPower_REPT_TS_150_0040_0_100,1,CP_Chg,4,2025-11-26 12:55:11.637,2025-11-26 13:14:30.196,27.69,34.0,0.0,9.37,2.646885,3.25,89.995168855,90.011675431,1159.0,0.23
RD_LFP_ConstantPower_REPT_TS_150_0040_0_100,1,CP_Chg,5,2025-11-26 13:14:30.246,2025-11-26 15:53:26.980,50.0,55.05,0.0,141.008,3.269637,3.600005,179.993847063,180.000779118,9537.0,0.37
RD_LFP_ConstantPower_REPT_TS_150_0040_0_100,1,CP_Chg,6,2025-11-26 15:53:27.019,2025-11-26 15:53:30.798,73.98,74.71,0.0,0.079,3.613885,3.65007,269.999690718,270.036174804,4.0,0.5
RD_LFP_ConstantPower_REPT_TS_150_0040_0_100,1,CP_DChg,8,2025-11-26 16:23:31.068,2025-11-26 16:23:31.068,75.5,75.5,0.0,0.001,3.287696,3.287696,248.22130444,248.22130444,0.0,0.5
RD_LFP_ConstantPower_REPT_TS_150_0040_0_100,1,CP_DChg,9,2025-11-26 16:23:31.098,2025-11-26 16:55:44.117,54.6,55.38,0.0,29.715,3.25,3.296455,179.99188830399999,180.002564581,1933.0,0.37
RD_LFP_ConstantPower_REPT_TS_150_0040_0_100,1,CP_DChg,10,2025-11-26 16:55:44.149,2025-11-26 21:09:18.266,27.43,35.99,0.0,118.84,2.499967,3.281433,89.986144667,90.000532093,15214.0,0.24
RD_LFP_ConstantPower_REPT_TS_150_0040_0_100,1,Rest,1,2025-11-26 12:24:18.993,2025-11-26 12:24:48.956,0.0,0.0,0.0,0.0,2.722547,2.722575,0.0,0.0,30.0,0.0
RD_LFP_ConstantPower_REPT_TS_150_0040_0_100,1,Rest,3,2025-11-26 12:25:11.364,2025-11-26 12:55:11.614,0.0,0.0,0.0,0.0,2.506077,2.627504,0.0,0.0,1800.0,0.0
RD_LFP_ConstantPower_REPT_TS_150_0040_0_100,1,Rest,7,2025-11-26 15:53:30.830,2025-11-26 16:23:31.028,0.0,0.0,0.0,0.0,3.332985,3.646761,0.0,0.0,1800.0,0.0
RD_LFP_ConstantPower_REPT_TS_150_0040_0_100,1,Rest,11,2025-11-26 21:09:18.296,2025-11-26 21:39:18.348,0.0,0.0,0.0,0.0,2.502381,2.716373,0.0,0.0,1800.0,0.0
RD_LFP_ConstantPower_REPT_TS_150_0040_0_100,2,CP_Chg,4,2025-11-26 21:39:18.398,2025-11-26 21:58:46.611,27.69,32.85,0.0,9.421,2.739728,3.25,89.992610925,90.011247885,1168.0,0.22
RD_LFP_ConstantPower_REPT_TS_150_0040_0_100,2,CP_Chg,5,2025-11-26 21:58:46.642,2025-11-27 00:37:40.268,50.0,55.08,0.0,141.159,3.267927,3.600013,179.993564864,180.003186212,9534.0,0.37
RD_LFP_ConstantPower_REPT_TS_150_0040_0_100,2,CP_Chg,6,2025-11-27 00:37:40.298,2025-11-27 00:37:43.904,73.98,74.75,0.0,0.074,3.612153,3.650022,269.999720625,270.03765101799996,4.0,0.5
RD_LFP_ConstantPower_REPT_TS_150_0040_0_100,2,CP_DChg,8,2025-11-27 01:07:44.813,2025-11-27 01:07:44.813,75.5,75.5,0.0,0.001,3.295004,3.295004,248.77253180999998,248.77253180999998,0.0,0.5
RD_LFP_ConstantPower_REPT_TS_150_0040_0_100,2,CP_DChg,9,2025-11-27 01:07:44.853,2025-11-27 01:40:14.762,54.47,55.38,0.0,29.966,3.25,3.304553,179.991037939,180.000358301,1950.0,0.37
RD_LFP_ConstantPower_REPT_TS_150_0040_0_100,2,CP_DChg,10,2025-11-27 01:40:14.792,2025-11-27 05:54:52.023,27.43,35.99,0.0,119.271,2.499958,3.281327,89.98531623900001,90.000541893,15277.0,0.24
RD_LFP_ConstantPower_REPT_TS_150_0040_0_100,2,Rest,7,2025-11-27 00:37:43.935,2025-11-27 01:07:44.778,0.0,0.0,0.0,0.0,3.340603,3.64465,0.0,0.0,1801.0,0.0
RD_LFP_ConstantPower_REPT_TS_150_0040_0_100,2,Rest,11,2025-11-27 05:54:52.062,2025-11-27 06:24:51.772,0.0,0.0,0.0,0.0,2.503891,2.710624,0.0,0.0,1800.0,0.0
RD_LFP_ConstantPower_REPT_TS_150_0040_0_100,3,CP_Chg,4,2025-11-27 06:24:51.808,2025-11-27 06:45:20.286,27.69,32.96,0.0,9.897,2.730849,3.25,89.974338835,90.004669584,1228.0,0.22
RD_LFP_ConstantPower_REPT_TS_150_0040_0_100,3,CP_Chg,5,2025-11-27 06:45:20.313,2025-11-27 09:24:00.373,50.0,55.12,0.0,140.974,3.265511,3.6,179.934227736,180.00228858600002,9520.0,0.37
RD_LFP_ConstantPower_REPT_TS_150_0040_0_100,3,CP_Chg,6,2025-11-27 09:24:00.405,2025-11-27 09:24:03.943,73.98,74.74,0.0,0.074,3.612415,3.650055,269.99969336600003,270.039485285,4.0,0.5
RD_LFP_ConstantPower_REPT_TS_150_0040_0_100,3,CP_DChg,8,2025-11-27 09:54:03.906,2025-11-27 09:54:03.906,75.5,75.5,0.0,0.001,3.306691,3.306691,249.655031619,249.655031619,0.0,0.5
RD_LFP_ConstantPower_REPT_TS_150_0040_0_100,3,CP_DChg,9,2025-11-27 09:54:03.937,2025-11-27 10:32:43.286,54.42,55.38,0.0,35.621,3.249998,3.307728,179.982797952,180.000367908,2319.0,0.37
RD_LFP_ConstantPower_REPT_TS_150_0040_0_100,3,CP_DChg,10,2025-11-27 10:32:43.316,2025-11-27 14:35:16.966,27.43,35.99,0.0,113.853,2.499984,3.281172,89.98689908,90.00601754,14554.0,0.24
RD_LFP_ConstantPower_REPT_TS_150_0040_0_100,3,Rest,7,2025-11-27 09:24:03.973,2025-11-27 09:54:03.882,0.0,0.0,0.0,0.0,3.34294,3.644629,0.0,0.0,1800.0,0.0
RD_LFP_ConstantPower_REPT_TS_150_0040_0_100,3,Rest,11,2025-11-27 14:35:17.011,2025-11-27 15:05:17.725,0.0,0.0,0.0,0.0,2.502905,2.722257,0.0,0.0,1801.0,0.0
RD_LFP_ConstantPower_REPT_TS_150_0043_0_100,1,CC_DChg,2,2025-11-26 12:24:47.997,2025-11-26 12:25:08.648,50.0,50.0,0.0,0.292,2.499986,2.703228,124.994722526,135.14805145999998,21.0,0.33
RD_LFP_ConstantPower_REPT_TS_150_0043_0_100,1,CP_Chg,4,2025-11-26 12:55:08.917,2025-11-26 13:12:52.394,27.69,34.02,0.0,8.609,2.645358,3.250003,89.995352666,90.013189587,1063.0,0.23
RD_LFP_ConstantPower_REPT_TS_150_0043_0_100,1,CP_Chg,5,2025-11-26 13:12:52.425,2025-11-26 15:53:56.144,50.0,55.08,0.0,142.364,3.268202,3.600004,179.99380996600001,180.0004916,9664.0,0.37
RD_LFP_ConstantPower_REPT_TS_150_0043_0_100,1,CP_Chg,6,2025-11-26 15:53:56.175,2025-11-26 15:54:00.408,73.98,74.74,0.0,0.088,3.612329,3.650032,269.99976705800003,270.03079355,4.0,0.5
RD_LFP_ConstantPower_REPT_TS_150_0043_0_100,1,CP_DChg,8,2025-11-26 16:24:00.350,2025-11-26 16:24:00.350,75.5,75.5,0.0,0.001,3.306926,3.306926,249.672926228,249.672926228,0.0,0.5
RD_LFP_ConstantPower_REPT_TS_150_0043_0_100,1,CP_DChg,9,2025-11-26 16:24:00.400,2025-11-26 17:03:36.546,54.54,55.38,0.0,36.485,3.25,3.300607,179.99211985,180.00035630000002,2376.0,0.37
RD_LFP_ConstantPower_REPT_TS_150_0043_0_100,1,CP_DChg,10,2025-11-26 17:03:36.584,2025-11-26 21:07:07.218,27.4,35.99,0.0,114.066,2.5,3.284473,89.98554,90.000919529,14611.0,0.24
RD_LFP_ConstantPower_REPT_TS_150_0043_0_100,1,Rest,1,2025-11-26 12:24:18.004,2025-11-26 12:24:47.970,0.0,0.0,0.0,0.0,2.723416,2.723435,0.0,0.0,30.0,0.0
RD_LFP_ConstantPower_REPT_TS_150_0043_0_100,1,Rest,3,2025-11-26 12:25:08.675,2025-11-26 12:55:08.890,0.0,0.0,0.0,0.0,2.502082,2.623803,0.0,0.0,1800.0,0.0
RD_LFP_ConstantPower_REPT_TS_150_0043_0_100,1,Rest,7,2025-11-26 15:54:00.435,2025-11-26 16:24:00.319,0.0,0.0,0.0,0.0,3.338681,3.648608,0.0,0.0,1800.0,0.0
RD_LFP_ConstantPower_REPT_TS_150_0043_0_100,1,Rest,11,2025-11-26 21:07:07.257,2025-11-26 21:37:07.442,0.0,0.0,0.0,0.0,2.50242,2.727481,0.0,0.0,1800.0,0.0
RD_LFP_ConstantPower_REPT_TS_150_0043_0_100,2,CP_Chg,4,2025-11-26 21:37:07.477,2025-11-26 21:54:33.807,27.69,32.93,0.0,8.438,2.733378,3.250001,89.994731695,90.00442857499999,1046.0,0.22
RD_LFP_ConstantPower_REPT_TS_150_0043_0_100,2,CP_Chg,5,2025-11-26 21:54:33.834,2025-11-27 00:35:49.535,50.0,55.18,0.0,142.781,3.261919,3.600003,179.99385317399998,180.000540973,9676.0,0.37
RD_LFP_ConstantPower_REPT_TS_150_0043_0_100,2,CP_Chg,6,2025-11-27 00:35:49.558,2025-11-27 00:35:53.627,73.98,74.77,0.0,0.084,3.611207,3.650024,269.99979989800005,270.033861119,4.0,0.5
RD_LFP_ConstantPower_REPT_TS_150_0043_0_100,2,CP_DChg,8,2025-11-27 01:05:54.451,2025-11-27 01:05:54.451,75.5,75.5,0.0,0.001,3.303579,3.303579,249.41989074900002,249.41989074900002,0.0,0.5
RD_LFP_ConstantPower_REPT_TS_150_0043_0_100,2,CP_DChg,9,2025-11-27 01:05:54.482,2025-11-27 01:44:06.210,54.48,55.38,0.0,35.189,3.25,3.304243,179.990936786,180.000289973,2292.0,0.37
RD_LFP_ConstantPower_REPT_TS_150_0043_0_100,2,CP_DChg,10,2025-11-27 01:44:06.241,2025-11-27 05:52:17.988,27.4,35.99,0.0,116.136,2.499991,3.284542,89.98434855500001,90.000930299,14892.0,0.24
RD_LFP_ConstantPower_REPT_TS_150_0043_0_100,2,Rest,7,2025-11-27 00:35:53.658,2025-11-27 01:05:54.420,0.0,0.0,0.0,0.0,3.344978,3.648047,0.0,0.0,1801.0,0.0
RD_LFP_ConstantPower_REPT_TS_150_0043_0_100,2,Rest,11,2025-11-27 05:52:18.008,2025-11-27 06:22:18.701,0.0,0.0,0.0,0.0,2.500985,2.718656,0.0,0.0,1801.0,0.0
RD_LFP_ConstantPower_REPT_TS_150_0043_0_100,3,CP_Chg,4,2025-11-27 06:22:18.736,2025-11-27 06:40:09.752,27.69,32.88,0.0,8.644,2.737364,3.25,89.995203538,90.004634379,1071.0,0.22
RD_LFP_ConstantPower_REPT_TS_150_0043_0_100,3,CP_Chg,5,2025-11-27 06:40:09.792,2025-11-27 09:21:35.021,50.0,55.1,0.0,142.962,3.266795,3.600006,179.98547232599998,180.011973119,9685.0,0.37
RD_LFP_ConstantPower_REPT_TS_150_0043_0_100,3,CP_Chg,6,2025-11-27 09:21:35.051,2025-11-27 09:21:39.062,73.98,74.71,0.0,0.083,3.61374,3.65001,269.999931768,270.034252702,4.0,0.5
RD_LFP_ConstantPower_REPT_TS_150_0043_0_100,3,CP_DChg,8,2025-11-27 09:51:39.724,2025-11-27 09:51:39.724,75.5,75.5,0.0,0.0,3.312532,3.312532,250.09620906299998,250.09620906299998,0.0,0.5
RD_LFP_ConstantPower_REPT_TS_150_0043_0_100,3,CP_DChg,9,2025-11-27 09:51:39.755,2025-11-27 10:35:52.613,54.38,55.38,0.0,40.706,3.25,3.310242,179.990760918,180.00072021,2653.0,0.37
RD_LFP_ConstantPower_REPT_TS_150_0043_0_100,3,CP_DChg,10,2025-11-27 10:35:52.640,2025-11-27 14:32:26.298,27.4,35.99,0.0,110.915,2.499966,3.284005,89.98552868,90.000746529,14194.0,0.24
RD_LFP_ConstantPower_REPT_TS_150_0043_0_100,3,Rest,7,2025-11-27 09:21:39.103,2025-11-27 09:51:39.701,0.0,0.0,0.0,0.0,3.346971,3.643756,0.0,0.0,1801.0,0.0
RD_LFP_ConstantPower_REPT_TS_150_0043_0_100,3,Rest,11,2025-11-27 14:32:26.327,2025-11-27 15:02:26.952,0.0,0.0,0.0,0.0,2.501453,2.731307,0.0,0.0,1801.0,0.0
RD_LFP_ConstantPower_REPT_TS_150_0046_0_100,1,CC_DChg,2,2025-11-26 12:24:48.193,2025-11-26 12:25:07.014,49.99,50.0,0.0,0.266,2.499925,2.688577,124.991660138,134.415347966,19.0,0.33
RD_LFP_ConstantPower_REPT_TS_150_0046_0_100,1,CP_Chg,4,2025-11-26 12:55:07.368,2025-11-26 13:13:37.063,27.69,34.2,0.0,8.987,2.631366,3.25,89.99529024899999,90.013930092,1110.0,0.23
RD_LFP_ConstantPower_REPT_TS_150_0046_0_100,1,CP_Chg,5,2025-11-26 13:13:37.094,2025-11-26 15:54:33.445,50.0,55.12,0.0,142.638,3.265825,3.600002,179.932610306,180.024787565,9656.0,0.37
RD_LFP_ConstantPower_REPT_TS_150_0046_0_100,1,CP_Chg,6,2025-11-26 15:54:33.476,2025-11-26 15:54:37.743,73.98,74.78,0.0,0.091,3.610719,3.650041,269.9999155,270.034623584,4.0,0.5
RD_LFP_ConstantPower_REPT_TS_150_0046_0_100,1,CP_DChg,8,2025-11-26 16:24:37.829,2025-11-26 16:24:37.829,75.5,75.5,0.0,0.0,3.300807,3.300807,249.210852581,249.210852581,0.0,0.5
RD_LFP_ConstantPower_REPT_TS_150_0046_0_100,1,CP_DChg,9,2025-11-26 16:24:37.860,2025-11-26 17:15:45.545,54.41,55.38,0.0,46.998,3.25,3.308268,179.991912409,180.000381245,3068.0,0.37
RD_LFP_ConstantPower_REPT_TS_150_0046_0_100,1,CP_DChg,10,2025-11-26 17:15:45.581,2025-11-26 20:58:09.174,27.43,35.99,0.0,104.233,2.499984,3.280707,89.983199104,90.000750511,13344.0,0.24
RD_LFP_ConstantPower_REPT_TS_150_0046_0_100,1,Rest,1,2025-11-26 12:24:18.203,2025-11-26 12:24:48.166,0.0,0.0,0.0,0.0,2.711216,2.711239,0.0,0.0,30.0,0.0
RD_LFP_ConstantPower_REPT_TS_150_0046_0_100,1,Rest,3,2025-11-26 12:25:07.053,2025-11-26 12:55:07.323,0.0,0.0,0.0,0.0,2.505942,2.613193,0.0,0.0,1800.0,0.0
RD_LFP_ConstantPower_REPT_TS_150_0046_0_100,1,Rest,7,2025-11-26 15:54:37.774,2025-11-26 16:24:37.795,0.0,0.0,0.0,0.0,3.340025,3.644834,0.0,0.0,1800.0,0.0
RD_LFP_ConstantPower_REPT_TS_150_0046_0_100,1,Rest,11,2025-11-26 20:58:09.201,2025-11-26 21:28:09.540,0.0,0.0,0.0,0.0,2.501733,2.717273,0.0,0.0,1800.0,0.0
RD_LFP_ConstantPower_REPT_TS_150_0046_0_100,2,CP_Chg,4,2025-11-26 21:28:09.585,2025-11-26 21:46:28.225,27.69,32.88,0.0,8.864,2.737402,3.250001,89.98454609000001,90.00496468600001,1099.0,0.22
RD_LFP_ConstantPower_REPT_TS_150_0046_0_100,2,CP_Chg,5,2025-11-26 21:46:28.248,2025-11-27 00:27:38.948,50.0,55.18,0.0,143.07,3.261769,3.600001,179.993784554,180.002344827,9671.0,0.37
RD_LFP_ConstantPower_REPT_TS_150_0046_0_100,2,CP_Chg,6,2025-11-27 00:27:38.979,2025-11-27 00:27:43.062,73.98,74.75,0.0,0.085,3.611823,3.65001,270.000068412,270.036166718,4.0,0.5
RD_LFP_ConstantPower_REPT_TS_150_0046_0_100,2,CP_DChg,8,2025-11-27 00:57:43.378,2025-11-27 00:57:43.378,75.5,75.5,0.0,0.0,3.31011,3.31011,249.912980609,249.912980609,0.0,0.5
RD_LFP_ConstantPower_REPT_TS_150_0046_0_100,2,CP_DChg,9,2025-11-27 00:57:43.405,2025-11-27 01:49:01.707,54.26,55.38,0.0,47.171,3.25,3.317146,179.991502323,180.000441984,3078.0,0.37
RD_LFP_ConstantPower_REPT_TS_150_0046_0_100,2,CP_DChg,10,2025-11-27 01:49:01.770,2025-11-27 05:32:53.240,27.43,35.99,0.0,104.851,2.49997,3.280992,89.982630195,90.000527745,13431.0,0.24
RD_LFP_ConstantPower_REPT_TS_150_0046_0_100,2,Rest,7,2025-11-27 00:27:43.089,2025-11-27 00:57:43.340,0.0,0.0,0.0,0.0,3.348531,3.644454,0.0,0.0,1800.0,0.0
RD_LFP_ConstantPower_REPT_TS_150_0046_0_100,2,Rest,11,2025-11-27 05:32:53.278,2025-11-27 06:02:52.713,0.0,0.0,0.0,0.0,2.502787,2.712056,0.0,0.0,1799.0,0.0
RD_LFP_ConstantPower_REPT_TS_150_0046_0_100,3,CP_Chg,4,2025-11-27 06:02:52.759,2025-11-27 06:21:34.842,27.69,32.99,0.0,9.053,2.727788,3.250002,89.99522277199999,90.00549991499999,1122.0,0.22
RD_LFP_ConstantPower_REPT_TS_150_0046_0_100,3,CP_Chg,5,2025-11-27 06:21:34.872,2025-11-27 09:02:51.223,50.0,55.13,0.0,143.176,3.264969,3.600003,179.961965754,180.01089039,9676.0,0.37
RD_LFP_ConstantPower_REPT_TS_150_0046_0_100,3,CP_Chg,6,2025-11-27 09:02:51.251,2025-11-27 09:02:55.217,73.98,74.77,0.0,0.083,3.610891,3.650022,269.999726271,270.03820188599997,4.0,0.5
RD_LFP_ConstantPower_REPT_TS_150_0046_0_100,3,CP_DChg,8,2025-11-27 09:32:55.384,2025-11-27 09:32:55.384,75.5,75.5,0.0,0.001,3.313547,3.313547,250.172606314,250.172606314,0.0,0.5
RD_LFP_ConstantPower_REPT_TS_150_0046_0_100,3,CP_DChg,9,2025-11-27 09:32:55.415,2025-11-27 10:27:14.055,54.18,55.38,0.0,49.905,3.25,3.322255,179.991533412,180.000322145,3259.0,0.37
RD_LFP_ConstantPower_REPT_TS_150_0046_0_100,3,CP_DChg,10,2025-11-27 10:27:14.086,2025-11-27 14:05:28.675,27.44,35.99,0.0,102.366,2.499993,3.279324,89.98401554399999,90.00059265399999,13095.0,0.24
RD_LFP_ConstantPower_REPT_TS_150_0046_0_100,3,Rest,7,2025-11-27 09:02:55.259,2025-11-27 09:32:55.349,0.0,0.0,0.0,0.0,3.351796,3.646736,0.0,0.0,1800.0,0.0
RD_LFP_ConstantPower_REPT_TS_150_0046_0_100,3,Rest,11,2025-11-27 14:05:28.715,2025-11-27 14:35:28.081,0.0,0.0,0.0,0.0,2.503516,2.719832,0.0,0.0,1799.0,0.0
RD_LFP_ConstantPower_REPT_TS_150_0049_0_100,1,CC_DChg,2,2025-11-26 12:24:48.600,2025-11-26 12:25:06.563,49.99,50.0,0.0,0.254,2.49994,2.686703,124.992627605,134.32152572899997,18.0,0.33
RD_LFP_ConstantPower_REPT_TS_150_0049_0_100,1,CP_Chg,4,2025-11-26 12:55:06.910,2025-11-26 13:11:55.827,27.69,34.07,0.0,8.162,2.641628,3.250001,89.995151411,90.01296897,1009.0,0.23
RD_LFP_ConstantPower_REPT_TS_150_0049_0_100,1,CP_Chg,5,2025-11-26 13:11:55.853,2025-11-26 15:48:06.755,50.0,55.08,0.0,137.924,3.268222,3.600009,179.9887223,180.000874181,9371.0,0.37
RD_LFP_ConstantPower_REPT_TS_150_0049_0_100,1,CP_Chg,6,2025-11-26 15:48:06.787,2025-11-26 15:48:11.134,73.98,74.79,0.0,0.091,3.610284,3.650012,269.999428309,270.030857915,4.0,0.5
RD_LFP_ConstantPower_REPT_TS_150_0049_0_100,1,CP_DChg,8,2025-11-26 16:18:11.242,2025-11-26 16:18:11.242,75.5,75.5,0.0,0.0,3.29639,3.29639,248.87714832499998,248.87714832499998,0.0,0.5
RD_LFP_ConstantPower_REPT_TS_150_0049_0_100,1,CP_DChg,9,2025-11-26 16:18:11.270,2025-11-26 16:53:57.112,54.55,55.38,0.0,32.948,3.249997,3.299951,179.99089256599999,180.00045323799998,2146.0,0.37
RD_LFP_ConstantPower_REPT_TS_150_0049_0_100,1,CP_DChg,10,2025-11-26 16:53:57.135,2025-11-26 20:54:46.797,27.4,35.99,0.0,112.844,2.499976,3.284241,89.983946138,90.000778637,14450.0,0.24
RD_LFP_ConstantPower_REPT_TS_150_0049_0_100,1,Rest,1,2025-11-26 12:24:18.648,2025-11-26 12:24:48.577,0.0,0.0,0.0,0.0,2.716983,2.717015,0.0,0.0,30.0,0.0
RD_LFP_ConstantPower_REPT_TS_150_0049_0_100,1,Rest,3,2025-11-26 12:25:06.595,2025-11-26 12:55:06.879,0.0,0.0,0.0,0.0,2.502331,2.631645,0.0,0.0,1800.0,0.0
RD_LFP_ConstantPower_REPT_TS_150_0049_0_100,1,Rest,7,2025-11-26 15:48:11.161,2025-11-26 16:18:11.215,0.0,0.0,0.0,0.0,3.340029,3.647586,0.0,0.0,1800.0,0.0
RD_LFP_ConstantPower_REPT_TS_150_0049_0_100,1,Rest,11,2025-11-26 20:54:46.825,2025-11-26 21:24:47.209,0.0,0.0,0.0,0.0,2.501228,2.716417,0.0,0.0,1800.0,0.0
RD_LFP_ConstantPower_REPT_TS_150_0049_0_100,2,CP_Chg,4,2025-11-26 21:24:47.243,2025-11-26 21:41:44.086,27.69,32.87,0.0,8.215,2.737691,3.250002,89.99392719299999,90.005371208,1017.0,0.22
RD_LFP_ConstantPower_REPT_TS_150_0049_0_100,2,CP_Chg,5,2025-11-26 21:41:44.118,2025-11-27 00:17:52.272,50.0,55.26,0.0,138.164,3.257335,3.600004,179.99131189899998,180.000589159,9368.0,0.37
RD_LFP_ConstantPower_REPT_TS_150_0049_0_100,2,CP_Chg,6,2025-11-27 00:17:52.295,2025-11-27 00:17:56.609,73.98,74.76,0.0,0.089,3.611455,3.650001,270.000135355,270.031817493,4.0,0.5
RD_LFP_ConstantPower_REPT_TS_150_0049_0_100,2,CP_DChg,8,2025-11-27 00:47:57.014,2025-11-27 00:47:57.014,75.5,75.5,0.0,0.0,3.311126,3.311126,249.990003067,249.990003067,0.0,0.5
RD_LFP_ConstantPower_REPT_TS_150_0049_0_100,2,CP_DChg,9,2025-11-27 00:47:57.034,2025-11-27 01:24:10.157,54.48,55.38,0.0,33.369,3.25,3.303835,179.989701655,180.00052373399998,2173.0,0.37
RD_LFP_ConstantPower_REPT_TS_150_0049_0_100,2,CP_DChg,10,2025-11-27 01:24:10.176,2025-11-27 05:25:40.088,27.4,35.99,0.0,113.128,2.499991,3.28425,89.983852376,90.000757529,14490.0,0.24
RD_LFP_ConstantPower_REPT_TS_150_0049_0_100,2,Rest,7,2025-11-27 00:17:56.628,2025-11-27 00:47:56.991,0.0,0.0,0.0,0.0,3.345459,3.647608,0.0,0.0,1800.0,0.0
RD_LFP_ConstantPower_REPT_TS_150_0049_0_100,2,Rest,11,2025-11-27 05:25:40.119,2025-11-27 05:55:40.929,0.0,0.0,0.0,0.0,2.502168,2.714425,0.0,0.0,1801.0,0.0
RD_LFP_ConstantPower_REPT_TS_150_0049_0_100,3,CP_Chg,4,2025-11-27 05:55:40.962,2025-11-27 06:12:55.925,27.69,32.93,0.0,8.357,2.733344,3.250001,89.994839276,90.005402815,1035.0,0.22
RD_LFP_ConstantPower_REPT_TS_150_0049_0_100,3,CP_Chg,5,2025-11-27 06:12:55.954,2025-11-27 08:49:08.669,50.0,55.27,0.0,138.27,3.256692,3.600003,179.99094024200002,180.001392001,9373.0,0.37
RD_LFP_ConstantPower_REPT_TS_150_0049_0_100,3,CP_Chg,6,2025-11-27 08:49:08.693,2025-11-27 08:49:12.898,73.98,74.8,0.0,0.087,3.609691,3.650033,270.000082301,270.031511421,4.0,0.5
RD_LFP_ConstantPower_REPT_TS_150_0049_0_100,3,CP_DChg,8,2025-11-27 09:19:12.556,2025-11-27 09:19:12.556,75.5,75.5,0.0,0.0,3.330551,3.330551,251.456347378,251.456347378,0.0,0.5
RD_LFP_ConstantPower_REPT_TS_150_0049_0_100,3,CP_DChg,9,2025-11-27 09:19:12.598,2025-11-27 09:57:46.451,54.43,55.38,0.0,35.516,3.249999,3.306931,179.99069479800002,180.000660878,2314.0,0.37
RD_LFP_ConstantPower_REPT_TS_150_0049_0_100,3,CP_DChg,10,2025-11-27 09:57:46.472,2025-11-27 13:54:53.539,27.4,35.99,0.0,111.193,2.499991,3.28401,89.984703554,90.000774359,14227.0,0.24
RD_LFP_ConstantPower_REPT_TS_150_0049_0_100,3,Rest,7,2025-11-27 08:49:12.919,2025-11-27 09:19:12.530,0.0,0.0,0.0,0.0,3.34728,3.648656,0.0,0.0,1800.0,0.0
RD_LFP_ConstantPower_REPT_TS_150_0049_0_100,3,Rest,11,2025-11-27 13:54:53.560,2025-11-27 14:24:53.713,0.0,0.0,0.0,0.0,2.502639,2.72245,0.0,0.0,1800.0,0.0
RD_LFP_ConstantPower_REPT_TS_150_0050_0_100,1,CC_DChg,2,2025-11-26 12:24:48.425,2025-11-26 12:25:08.883,49.99,50.0,0.0,0.289,2.499931,2.686163,124.992160121,134.29447743,20.0,0.33
RD_LFP_ConstantPower_REPT_TS_150_0050_0_100,1,CP_Chg,4,2025-11-26 12:55:09.161,2025-11-26 13:12:47.408,27.69,34.05,0.0,8.568,2.642868,3.250002,89.994764616,90.012115033,1058.0,0.23
RD_LFP_ConstantPower_REPT_TS_150_0050_0_100,1,CP_Chg,5,2025-11-26 13:12:47.427,2025-11-26 15:47:27.551,50.0,55.21,0.0,136.936,3.260492,3.600006,179.991860433,180.001100119,9280.0,0.37
RD_LFP_ConstantPower_REPT_TS_150_0050_0_100,1,CP_Chg,6,2025-11-26 15:47:27.583,2025-11-26 15:47:31.734,73.98,74.87,0.0,0.086,3.606274,3.650049,269.999758142,270.03379271,4.0,0.5
RD_LFP_ConstantPower_REPT_TS_150_0050_0_100,1,CP_DChg,8,2025-11-26 16:17:31.874,2025-11-26 16:17:31.874,75.5,75.5,0.0,0.0,3.300837,3.300837,249.213368444,249.213368444,0.0,0.5
RD_LFP_ConstantPower_REPT_TS_150_0050_0_100,1,CP_DChg,9,2025-11-26 16:17:31.905,2025-11-26 17:06:08.644,54.45,55.38,0.0,44.704,3.25,3.305615,179.991391752,180.00055839200002,2917.0,0.37
RD_LFP_ConstantPower_REPT_TS_150_0050_0_100,1,CP_DChg,10,2025-11-26 17:06:08.663,2025-11-26 20:40:09.478,27.42,35.99,0.0,100.524,2.499962,3.281673,89.98418472,90.00078599999999,12841.0,0.24
RD_LFP_ConstantPower_REPT_TS_150_0050_0_100,1,Rest,1,2025-11-26 12:24:18.456,2025-11-26 12:24:48.383,0.0,0.0,0.0,0.0,2.717656,2.717693,0.0,0.0,30.0,0.0
RD_LFP_ConstantPower_REPT_TS_150_0050_0_100,1,Rest,3,2025-11-26 12:25:08.902,2025-11-26 12:55:09.138,0.0,0.0,0.0,0.0,2.501538,2.62155,0.0,0.0,1800.0,0.0
RD_LFP_ConstantPower_REPT_TS_150_0050_0_100,1,Rest,7,2025-11-26 15:47:31.754,2025-11-26 16:17:31.851,0.0,0.0,0.0,0.0,3.340927,3.648873,0.0,0.0,1800.0,0.0
RD_LFP_ConstantPower_REPT_TS_150_0050_0_100,1,Rest,11,2025-11-26 20:40:09.527,2025-11-26 21:10:09.689,0.0,0.0,0.0,0.0,2.502298,2.702657,0.0,0.0,1800.0,0.0
RD_LFP_ConstantPower_REPT_TS_150_0050_0_100,2,CP_Chg,4,2025-11-26 21:10:09.725,2025-11-26 21:27:53.571,27.69,33.18,0.0,8.595,2.712321,3.250002,89.994773612,90.005771592,1064.0,0.22
RD_LFP_ConstantPower_REPT_TS_150_0050_0_100,2,CP_Chg,5,2025-11-26 21:27:53.612,2025-11-27 00:02:35.417,50.0,55.25,0.0,137.227,3.257627,3.60001,179.990624878,180.00245779300002,9282.0,0.37
RD_LFP_ConstantPower_REPT_TS_150_0050_0_100,2,CP_Chg,6,2025-11-27 00:02:35.454,2025-11-27 00:02:39.314,73.98,74.73,0.0,0.08,3.613006,3.65007,269.999717987,270.0382906,4.0,0.5
RD_LFP_ConstantPower_REPT_TS_150_0050_0_100,2,CP_DChg,8,2025-11-27 00:32:39.783,2025-11-27 00:32:39.783,75.5,75.5,0.0,0.001,3.328437,3.328437,251.296680627,251.296680627,0.0,0.5
RD_LFP_ConstantPower_REPT_TS_150_0050_0_100,2,CP_DChg,9,2025-11-27 00:32:39.829,2025-11-27 01:21:24.883,54.31,55.38,0.0,44.83,3.249999,3.314358,179.983668424,180.000481106,2925.0,0.37
RD_LFP_ConstantPower_REPT_TS_150_0050_0_100,2,CP_DChg,10,2025-11-27 01:21:24.910,2025-11-27 04:56:44.194,27.42,35.99,0.0,101.099,2.499969,3.282003,89.98419668199999,90.000614411,12919.0,0.24
RD_LFP_ConstantPower_REPT_TS_150_0050_0_100,2,Rest,7,2025-11-27 00:02:39.344,2025-11-27 00:32:39.756,0.0,0.0,0.0,0.0,3.352721,3.644644,0.0,0.0,1800.0,0.0
RD_LFP_ConstantPower_REPT_TS_150_0050_0_100,2,Rest,11,2025-11-27 04:56:44.226,2025-11-27 05:26:44.330,0.0,0.0,0.0,0.0,2.502101,2.700607,0.0,0.0,1800.0,0.0
RD_LFP_ConstantPower_REPT_TS_150_0050_0_100,3,CP_Chg,4,2025-11-27 05:26:44.365,2025-11-27 05:44:44.011,27.69,33.08,0.0,8.728,2.720397,3.25,89.994609909,90.005574053,1080.0,0.22
RD_LFP_ConstantPower_REPT_TS_150_0050_0_100,3,CP_Chg,5,2025-11-27 05:44:44.042,2025-11-27 08:19:28.231,50.0,55.16,0.0,137.293,3.262999,3.600018,179.991812711,180.00334441200002,9284.0,0.37
RD_LFP_ConstantPower_REPT_TS_150_0050_0_100,3,CP_Chg,6,2025-11-27 08:19:28.262,2025-11-27 08:19:31.991,73.98,74.72,0.0,0.077,3.613707,3.650018,269.99974942,270.038341869,4.0,0.5
RD_LFP_ConstantPower_REPT_TS_150_0050_0_100,3,CP_DChg,8,2025-11-27 08:49:32.760,2025-11-27 08:49:32.760,75.5,75.5,0.0,0.001,3.321454,3.321454,250.769810215,250.769810215,0.0,0.5
RD_LFP_ConstantPower_REPT_TS_150_0050_0_100,3,CP_DChg,9,2025-11-27 08:49:32.790,2025-11-27 09:39:31.754,54.18,55.38,0.0,45.946,3.25,3.322341,179.990015641,180.000493462,2999.0,0.37
RD_LFP_ConstantPower_REPT_TS_150_0050_0_100,3,CP_DChg,10,2025-11-27 09:39:31.774,2025-11-27 13:12:40.158,27.43,35.99,0.0,100.153,2.499983,3.281466,89.98550141,90.000555671,12788.0,0.24
RD_LFP_ConstantPower_REPT_TS_150_0050_0_100,3,Rest,7,2025-11-27 08:19:32.017,2025-11-27 08:49:32.736,0.0,0.0,0.0,0.0,3.357297,3.64534,0.0,0.0,1801.0,0.0
RD_LFP_ConstantPower_REPT_TS_150_0050_0_100,3,Rest,11,2025-11-27 13:12:40.197,2025-11-27 13:42:40.509,0.0,0.0,0.0,0.0,2.501615,2.706919,0.0,0.0,1800.0,0.0
RD_LFP_ConstantPower_REPT_TS_150_0056_0_100,1,CC_DChg,2,2025-11-26 12:24:48.475,2025-11-26 12:25:07.266,50.0,50.0,0.0,0.266,2.499993,2.679697,124.995120013,133.971598898,19.0,0.33
RD_LFP_ConstantPower_REPT_TS_150_0056_0_100,1,CP_Chg,4,2025-11-26 12:55:07.655,2025-11-26 13:13:22.917,27.69,34.1,0.0,8.872,2.639472,3.250001,89.988697172,90.013093668,1095.0,0.23
RD_LFP_ConstantPower_REPT_TS_150_0056_0_100,1,CP_Chg,5,2025-11-26 13:13:22.947,2025-11-26 15:51:50.347,50.0,55.14,0.0,140.298,3.264689,3.600002,179.903594843,180.000379293,9507.0,0.37
RD_LFP_ConstantPower_REPT_TS_150_0056_0_100,1,CP_Chg,6,2025-11-26 15:51:50.370,2025-11-26 15:51:54.631,73.98,74.81,0.0,0.089,3.608918,3.650041,269.999709687,270.033752604,4.0,0.5
RD_LFP_ConstantPower_REPT_TS_150_0056_0_100,1,CP_DChg,8,2025-11-26 16:21:54.928,2025-11-26 16:21:54.928,75.5,75.5,0.0,0.001,3.299255,3.299255,249.09402303899998,249.09402303899998,0.0,0.5
RD_LFP_ConstantPower_REPT_TS_150_0056_0_100,1,CP_DChg,9,2025-11-26 16:21:54.979,2025-11-26 17:11:13.330,54.44,55.38,0.0,45.353,3.25,3.306218,179.99133358499998,180.000264803,2958.0,0.37
RD_LFP_ConstantPower_REPT_TS_150_0056_0_100,1,CP_DChg,10,2025-11-26 17:11:13.362,2025-11-26 20:51:29.196,27.43,36.0,0.0,103.349,2.499978,3.280913,89.987658102,90.000503374,13216.0,0.24
RD_LFP_ConstantPower_REPT_TS_150_0056_0_100,1,Rest,1,2025-11-26 12:24:18.500,2025-11-26 12:24:48.426,0.0,0.0,0.0,0.0,2.710212,2.710256,0.0,0.0,30.0,0.0
RD_LFP_ConstantPower_REPT_TS_150_0056_0_100,1,Rest,3,2025-11-26 12:25:07.296,2025-11-26 12:55:07.609,0.0,0.0,0.0,0.0,2.504653,2.616658,0.0,0.0,1800.0,0.0
RD_LFP_ConstantPower_REPT_TS_150_0056_0_100,1,Rest,7,2025-11-26 15:51:54.672,2025-11-26 16:21:54.892,0.0,0.0,0.0,0.0,3.337454,3.645197,0.0,0.0,1800.0,0.0
RD_LFP_ConstantPower_REPT_TS_150_0056_0_100,1,Rest,11,2025-11-26 20:51:29.223,2025-11-26 21:21:29.802,0.0,0.0,0.0,0.0,2.502649,2.738794,0.0,0.0,1801.0,0.0
RD_LFP_ConstantPower_REPT_TS_150_0056_0_100,2,CP_Chg,4,2025-11-26 21:21:29.838,2025-11-26 21:39:27.135,27.69,32.74,0.0,8.688,2.749031,3.25,89.99499833099999,90.004266977,1077.0,0.22
RD_LFP_ConstantPower_REPT_TS_150_0056_0_100,2,CP_Chg,5,2025-11-26 21:39:27.163,2025-11-27 00:18:10.188,50.0,55.16,0.0,140.787,3.262946,3.600001,179.990768586,180.00949039900001,9523.0,0.37
RD_LFP_ConstantPower_REPT_TS_150_0056_0_100,2,CP_Chg,6,2025-11-27 00:18:10.229,2025-11-27 00:18:14.335,73.98,74.81,0.0,0.085,3.609379,3.650023,270.000040049,270.034634922,4.0,0.5
RD_LFP_ConstantPower_REPT_TS_150_0056_0_100,2,CP_DChg,8,2025-11-27 00:48:14.740,2025-11-27 00:48:14.740,75.5,75.5,0.0,0.001,3.307887,3.307887,249.745154251,249.745154251,0.0,0.5
RD_LFP_ConstantPower_REPT_TS_150_0056_0_100,2,CP_DChg,9,2025-11-27 00:48:14.771,2025-11-27 01:37:46.381,54.35,55.38,0.0,45.549,3.25,3.311902,179.990388996,180.000868666,2972.0,0.37
RD_LFP_ConstantPower_REPT_TS_150_0056_0_100,2,CP_DChg,10,2025-11-27 01:37:46.408,2025-11-27 05:19:35.109,27.43,36.0,0.0,104.033,2.499965,3.281328,89.987522657,90.00047021,13309.0,0.24
RD_LFP_ConstantPower_REPT_TS_150_0056_0_100,2,Rest,7,2025-11-27 00:18:14.363,2025-11-27 00:48:14.712,0.0,0.0,0.0,0.0,3.342542,3.645053,0.0,0.0,1800.0,0.0
RD_LFP_ConstantPower_REPT_TS_150_0056_0_100,2,Rest,11,2025-11-27 05:19:35.149,2025-11-27 05:49:35.717,0.0,0.0,0.0,0.0,2.502711,2.734641,0.0,0.0,1801.0,0.0
RD_LFP_ConstantPower_REPT_TS_150_0056_0_100,3,CP_Chg,4,2025-11-27 05:49:35.763,2025-11-27 06:07:50.594,27.69,32.69,0.0,8.832,2.753498,3.25,89.994761279,90.004241384,1095.0,0.22
RD_LFP_ConstantPower_REPT_TS_150_0056_0_100,3,CP_Chg,5,2025-11-27 06:07:50.624,2025-11-27 08:46:41.410,50.0,55.2,0.0,140.936,3.260735,3.6,179.98968086600001,180.018698618,9531.0,0.37
RD_LFP_ConstantPower_REPT_TS_150_0056_0_100,3,CP_Chg,6,2025-11-27 08:46:41.459,2025-11-27 08:46:45.500,73.98,74.74,0.0,0.084,3.612313,3.650041,269.999748769,270.036501384,4.0,0.5
RD_LFP_ConstantPower_REPT_TS_150_0056_0_100,3,CP_DChg,8,2025-11-27 09:16:45.905,2025-11-27 09:16:45.905,75.5,75.5,0.0,0.001,3.30991,3.30991,249.898307607,249.898307607,0.0,0.5
RD_LFP_ConstantPower_REPT_TS_150_0056_0_100,3,CP_DChg,9,2025-11-27 09:16:45.953,2025-11-27 10:08:14.009,54.31,55.38,0.0,47.313,3.25,3.314204,179.988403537,180.00313820300002,3088.0,0.37
RD_LFP_ConstantPower_REPT_TS_150_0056_0_100,3,CP_DChg,10,2025-11-27 10:08:14.040,2025-11-27 13:46:23.195,27.43,36.0,0.0,102.439,2.499987,3.280526,89.988972055,90.000533318,13089.0,0.24
RD_LFP_ConstantPower_REPT_TS_150_0056_0_100,3,Rest,7,2025-11-27 08:46:45.531,2025-11-27 09:16:45.873,0.0,0.0,0.0,0.0,3.34445,3.645904,0.0,0.0,1800.0,0.0
RD_LFP_ConstantPower_REPT_TS_150_0056_0_100,3,Rest,11,2025-11-27 13:46:23.215,2025-11-27 14:16:23.061,0.0,0.0,0.0,0.0,2.500556,2.754093,0.0,0.0,1800.0,0.0
RD_LFP_ConstantPower_REPT_TS_150_0057_0_100,1,CC_DChg,2,2025-11-26 12:24:48.559,2025-11-26 12:25:05.461,50.0,50.0,0.0,0.239,2.499914,2.665281,124.991182655,133.25096347,17.0,0.33
RD_LFP_ConstantPower_REPT_TS_150_0057_0_100,1,CP_Chg,4,2025-11-26 12:55:05.815,2025-11-26 13:12:57.269,27.69,34.1,0.0,8.677,2.639003,3.25,89.99357716200001,90.01341474399999,1071.0,0.23
RD_LFP_ConstantPower_REPT_TS_150_0057_0_100,1,CP_Chg,5,2025-11-26 13:12:57.307,2025-11-26 15:45:41.920,50.0,55.05,0.0,135.161,3.269651,3.600005,179.991852437,180.000757905,9165.0,0.37
RD_LFP_ConstantPower_REPT_TS_150_0057_0_100,1,CP_Chg,6,2025-11-26 15:45:41.944,2025-11-26 15:45:46.166,73.98,74.74,0.0,0.087,3.612449,3.650057,269.999878608,270.03154254400005,4.0,0.5
RD_LFP_ConstantPower_REPT_TS_150_0057_0_100,1,CP_DChg,8,2025-11-26 16:15:46.506,2025-11-26 16:15:46.506,75.5,75.5,0.0,0.001,3.298009,3.298009,248.999415659,248.999415659,0.0,0.5
RD_LFP_ConstantPower_REPT_TS_150_0057_0_100,1,CP_DChg,9,2025-11-26 16:15:46.529,2025-11-26 16:56:24.146,54.54,55.38,0.0,37.404,3.249999,3.300623,179.99202516399998,180.000518048,2438.0,0.37
RD_LFP_ConstantPower_REPT_TS_150_0057_0_100,1,CP_DChg,10,2025-11-26 16:56:24.173,2025-11-26 20:42:29.943,27.41,35.99,0.0,106.11,2.499979,3.283085,89.98364413099999,90.000470795,13566.0,0.24
RD_LFP_ConstantPower_REPT_TS_150_0057_0_100,1,Rest,1,2025-11-26 12:24:18.593,2025-11-26 12:24:48.521,0.0,0.0,0.0,0.0,2.702932,2.702961,0.0,0.0,30.0,0.0
RD_LFP_ConstantPower_REPT_TS_150_0057_0_100,1,Rest,3,2025-11-26 12:25:05.491,2025-11-26 12:55:05.775,0.0,0.0,0.0,0.0,2.504299,2.614667,0.0,0.0,1800.0,0.0
RD_LFP_ConstantPower_REPT_TS_150_0057_0_100,1,Rest,7,2025-11-26 15:45:46.216,2025-11-26 16:15:46.466,0.0,0.0,0.0,0.0,3.338531,3.642108,0.0,0.0,1800.0,0.0
RD_LFP_ConstantPower_REPT_TS_150_0057_0_100,1,Rest,11,2025-11-26 20:42:29.973,2025-11-26 21:12:30.101,0.0,0.0,0.0,0.0,2.504011,2.708274,0.0,0.0,1800.0,0.0
RD_LFP_ConstantPower_REPT_TS_150_0057_0_100,2,CP_Chg,4,2025-11-26 21:12:30.135,2025-11-26 21:30:23.009,27.69,33.01,0.0,8.659,2.72686,3.250001,89.99473868199999,90.00554482700001,1073.0,0.22
RD_LFP_ConstantPower_REPT_TS_150_0057_0_100,2,CP_Chg,5,2025-11-26 21:30:23.047,2025-11-27 00:03:12.835,50.0,55.09,0.0,135.496,3.267551,3.600014,179.99117817599998,180.001879136,9170.0,0.37
RD_LFP_ConstantPower_REPT_TS_150_0057_0_100,2,CP_Chg,6,2025-11-27 00:03:12.864,2025-11-27 00:03:16.887,73.98,74.71,0.0,0.084,3.614072,3.650062,269.999798236,270.035674688,4.0,0.5
RD_LFP_ConstantPower_REPT_TS_150_0057_0_100,2,CP_DChg,8,2025-11-27 00:33:17.349,2025-11-27 00:33:17.349,75.5,75.5,0.0,0.0,3.302283,3.302283,249.322356593,249.322356593,0.0,0.5
RD_LFP_ConstantPower_REPT_TS_150_0057_0_100,2,CP_DChg,9,2025-11-27 00:33:17.382,2025-11-27 01:13:45.933,54.41,55.38,0.0,37.246,3.25,3.308274,179.990669779,180.000466718,2429.0,0.37
RD_LFP_ConstantPower_REPT_TS_150_0057_0_100,2,CP_DChg,10,2025-11-27 01:13:45.968,2025-11-27 05:01:54.879,27.41,35.99,0.0,107.02,2.499968,3.28326,89.98319319999999,90.000521186,13689.0,0.24
RD_LFP_ConstantPower_REPT_TS_150_0057_0_100,2,Rest,7,2025-11-27 00:03:16.916,2025-11-27 00:33:17.318,0.0,0.0,0.0,0.0,3.345529,3.646666,0.0,0.0,1800.0,0.0
RD_LFP_ConstantPower_REPT_TS_150_0057_0_100,2,Rest,11,2025-11-27 05:01:54.909,2025-11-27 05:31:54.955,0.0,0.0,0.0,0.0,2.502945,2.704029,0.0,0.0,1800.0,0.0
RD_LFP_ConstantPower_REPT_TS_150_0057_0_100,3,CP_Chg,4,2025-11-27 05:31:54.989,2025-11-27 05:50:06.966,27.69,33.04,0.0,8.825,2.723775,3.250002,89.995349529,90.005051651,1092.0,0.22
RD_LFP_ConstantPower_REPT_TS_150_0057_0_100,3,CP_Chg,5,2025-11-27 05:50:07.004,2025-11-27 08:23:03.714,50.0,55.1,0.0,135.632,3.266837,3.6,179.991832967,180.00172177299999,9177.0,0.37
RD_LFP_ConstantPower_REPT_TS_150_0057_0_100,3,CP_Chg,6,2025-11-27 08:23:03.758,2025-11-27 08:23:07.680,73.98,74.71,0.0,0.082,3.613852,3.650037,269.999881411,270.03648742800004,4.0,0.5
RD_LFP_ConstantPower_REPT_TS_150_0057_0_100,3,CP_DChg,8,2025-11-27 08:53:07.584,2025-11-27 08:53:07.584,75.5,75.5,0.0,0.001,3.310629,3.310629,249.95273117600001,249.95273117600001,0.0,0.5
RD_LFP_ConstantPower_REPT_TS_150_0057_0_100,3,CP_DChg,9,2025-11-27 08:53:07.612,2025-11-27 09:36:17.775,54.33,55.38,0.0,39.717,3.249998,3.313008,179.991629241,180.000611662,2590.0,0.37
RD_LFP_ConstantPower_REPT_TS_150_0057_0_100,3,CP_DChg,10,2025-11-27 09:36:17.814,2025-11-27 13:19:29.413,27.42,35.99,0.0,104.8,2.499957,3.282534,89.98450224,90.00146801700001,13392.0,0.24
RD_LFP_ConstantPower_REPT_TS_150_0057_0_100,3,Rest,7,2025-11-27 08:23:07.707,2025-11-27 08:53:07.557,0.0,0.0,0.0,0.0,3.348197,3.645612,0.0,0.0,1800.0,0.0
RD_LFP_ConstantPower_REPT_TS_150_0057_0_100,3,Rest,11,2025-11-27 13:19:29.451,2025-11-27 13:49:29.844,0.0,0.0,0.0,0.0,2.503535,2.710755,0.0,0.0,1800.0,0.0
RD_LFP_ConstantPower_REPT_TS_150_0065_0_100,1,CC_DChg,2,2025-11-26 12:24:49.066,2025-11-26 12:25:07.618,49.99,50.0,0.0,0.262,2.499943,2.699922,124.992607604,134.98259499000002,19.0,0.33
RD_LFP_ConstantPower_REPT_TS_150_0065_0_100,1,CP_Chg,4,2025-11-26 12:55:07.962,2025-11-26 13:13:35.095,27.69,34.24,0.0,8.964,2.62844,3.25,89.994950497,90.013686112,1107.0,0.23
RD_LFP_ConstantPower_REPT_TS_150_0065_0_100,1,CP_Chg,5,2025-11-26 13:13:35.118,2025-11-26 15:53:49.419,50.0,55.15,0.0,141.909,3.263572,3.600006,179.993375749,180.000316707,9614.0,0.37
RD_LFP_ConstantPower_REPT_TS_150_0065_0_100,1,CP_Chg,6,2025-11-26 15:53:49.439,2025-11-26 15:53:53.401,73.98,74.95,0.0,0.082,3.602493,3.650031,269.99991194800003,270.02970948399997,4.0,0.5
RD_LFP_ConstantPower_REPT_TS_150_0065_0_100,1,CP_DChg,8,2025-11-26 16:23:53.494,2025-11-26 16:23:53.494,75.5,75.5,0.0,0.0,3.310557,3.310557,249.946768792,249.946768792,0.0,0.5
RD_LFP_ConstantPower_REPT_TS_150_0065_0_100,1,CP_DChg,9,2025-11-26 16:23:53.525,2025-11-26 16:57:46.523,54.6,55.38,0.0,31.227,3.249999,3.296722,179.991209787,180.000480971,2033.0,0.37
RD_LFP_ConstantPower_REPT_TS_150_0065_0_100,1,CP_DChg,10,2025-11-26 16:57:46.546,2025-11-26 21:09:43.159,27.42,35.99,0.0,118.007,2.49999,3.282695,89.98496505899999,90.00059236700001,15117.0,0.24
RD_LFP_ConstantPower_REPT_TS_150_0065_0_100,1,Rest,1,2025-11-26 12:24:19.022,2025-11-26 12:24:49.039,0.0,0.0,0.0,0.0,2.710742,2.710764,0.0,0.0,30.0,0.0
RD_LFP_ConstantPower_REPT_TS_150_0065_0_100,1,Rest,3,2025-11-26 12:25:07.649,2025-11-26 12:55:07.939,0.0,0.0,0.0,0.0,2.501138,2.615589,0.0,0.0,1800.0,0.0
RD_LFP_ConstantPower_REPT_TS_150_0065_0_100,1,Rest,7,2025-11-26 15:53:53.433,2025-11-26 16:23:53.474,0.0,0.0,0.0,0.0,3.334028,3.649668,0.0,0.0,1800.0,0.0
RD_LFP_ConstantPower_REPT_TS_150_0065_0_100,1,Rest,11,2025-11-26 21:09:43.186,2025-11-26 21:39:43.311,0.0,0.0,0.0,0.0,2.502545,2.725427,0.0,0.0,1800.0,0.0
RD_LFP_ConstantPower_REPT_TS_150_0065_0_100,2,CP_Chg,4,2025-11-26 21:39:43.345,2025-11-26 21:58:00.364,27.69,32.83,0.0,8.85,2.741044,3.25,89.994917853,90.00445858200001,1097.0,0.22
RD_LFP_ConstantPower_REPT_TS_150_0065_0_100,2,CP_Chg,5,2025-11-26 21:58:00.387,2025-11-27 00:38:24.293,50.0,55.13,0.0,142.304,3.264776,3.600005,179.993736336,180.006557516,9624.0,0.37
RD_LFP_ConstantPower_REPT_TS_150_0065_0_100,2,CP_Chg,6,2025-11-27 00:38:24.321,2025-11-27 00:38:28.086,73.98,74.82,0.0,0.079,3.608832,3.650032,269.99969360399996,270.035970379,4.0,0.5
RD_LFP_ConstantPower_REPT_TS_150_0065_0_100,2,CP_DChg,8,2025-11-27 01:08:28.872,2025-11-27 01:08:28.872,75.5,75.5,0.0,0.0,3.298874,3.298874,249.06526080700002,249.06526080700002,0.0,0.5
RD_LFP_ConstantPower_REPT_TS_150_0065_0_100,2,CP_DChg,9,2025-11-27 01:08:28.891,2025-11-27 01:41:45.593,54.53,55.38,0.0,30.684,3.25,3.300831,179.990644758,180.000538251,1997.0,0.37
RD_LFP_ConstantPower_REPT_TS_150_0065_0_100,2,CP_DChg,10,2025-11-27 01:41:45.612,2025-11-27 05:56:43.996,27.42,35.99,0.0,119.34,2.499977,3.282678,89.984249637,90.000966116,15298.0,0.24
RD_LFP_ConstantPower_REPT_TS_150_0065_0_100,2,Rest,7,2025-11-27 00:38:28.116,2025-11-27 01:08:28.849,0.0,0.0,0.0,0.0,3.341061,3.646812,0.0,0.0,1801.0,0.0
RD_LFP_ConstantPower_REPT_TS_150_0065_0_100,2,Rest,11,2025-11-27 05:56:44.020,2025-11-27 06:26:43.786,0.0,0.0,0.0,0.0,2.500323,2.720284,0.0,0.0,1800.0,0.0
RD_LFP_ConstantPower_REPT_TS_150_0065_0_100,3,CP_Chg,4,2025-11-27 06:26:43.842,2025-11-27 06:45:24.569,27.69,32.83,0.0,9.041,2.741015,3.250002,89.99485083399999,90.004787447,1121.0,0.22
RD_LFP_ConstantPower_REPT_TS_150_0065_0_100,3,CP_Chg,5,2025-11-27 06:45:24.608,2025-11-27 09:25:56.913,50.0,55.11,0.0,142.442,3.266362,3.6,179.991623322,180.002140728,9632.0,0.37
RD_LFP_ConstantPower_REPT_TS_150_0065_0_100,3,CP_Chg,6,2025-11-27 09:25:56.933,2025-11-27 09:26:00.631,73.98,74.77,0.0,0.077,3.610873,3.650013,269.999959333,270.03701815700003,4.0,0.5
RD_LFP_ConstantPower_REPT_TS_150_0065_0_100,3,CP_DChg,8,2025-11-27 09:56:01.115,2025-11-27 09:56:01.115,75.5,75.5,0.0,0.0,3.310937,3.310937,249.975485247,249.975485247,0.0,0.5
RD_LFP_ConstantPower_REPT_TS_150_0065_0_100,3,CP_DChg,9,2025-11-27 09:56:01.138,2025-11-27 10:34:14.823,54.46,55.38,0.0,35.228,3.25,3.305003,179.991943876,180.00043240600002,2294.0,0.37
RD_LFP_ConstantPower_REPT_TS_150_0065_0_100,3,CP_DChg,10,2025-11-27 10:34:14.850,2025-11-27 14:39:36.626,27.42,35.99,0.0,115.052,2.499979,3.282702,89.98616911,90.000633209,14722.0,0.24
RD_LFP_ConstantPower_REPT_TS_150_0065_0_100,3,Rest,7,2025-11-27 09:26:00.658,2025-11-27 09:56:01.092,0.0,0.0,0.0,0.0,3.343468,3.645598,0.0,0.0,1800.0,0.0
RD_LFP_ConstantPower_REPT_TS_150_0065_0_100,3,Rest,11,2025-11-27 14:39:36.657,2025-11-27 15:09:36.991,0.0,0.0,0.0,0.0,2.502936,2.733931,0.0,0.0,1800.0,0.0
RD_LFP_ConstantPower_REPT_TS_150_0074_0_100,1,CC_DChg,2,2025-11-26 12:24:48.870,2025-11-26 12:25:07.763,49.99,50.0,0.0,0.267,2.499954,2.701793,124.99383507099999,135.075960015,19.0,0.33
RD_LFP_ConstantPower_REPT_TS_150_0074_0_100,1,CP_Chg,4,2025-11-26 12:55:08.064,2025-11-26 13:13:56.078,27.69,34.1,0.0,9.13,2.638923,3.25,89.99508623099999,90.012309011,1128.0,0.23
RD_LFP_ConstantPower_REPT_TS_150_0074_0_100,1,CP_Chg,5,2025-11-26 13:13:56.097,2025-11-26 15:54:38.589,50.0,55.31,0.0,142.43,3.254435,3.60001,179.993434282,180.00038538299998,9642.0,0.37
RD_LFP_ConstantPower_REPT_TS_150_0074_0_100,1,CP_Chg,6,2025-11-26 15:54:38.608,2025-11-26 15:54:42.554,73.98,74.83,0.0,0.082,3.608398,3.650031,269.99982455199995,270.03519413000004,4.0,0.5
RD_LFP_ConstantPower_REPT_TS_150_0074_0_100,1,CP_DChg,8,2025-11-26 16:24:42.643,2025-11-26 16:24:42.643,75.5,75.5,0.0,0.001,3.295374,3.295374,248.80093801799998,248.80093801799998,0.0,0.5
RD_LFP_ConstantPower_REPT_TS_150_0074_0_100,1,CP_DChg,9,2025-11-26 16:24:42.674,2025-11-26 17:02:38.011,54.61,55.38,0.0,34.947,3.25,3.296037,179.991915726,180.000487546,2275.0,0.37
RD_LFP_ConstantPower_REPT_TS_150_0074_0_100,1,CP_DChg,10,2025-11-26 17:02:38.030,2025-11-26 21:07:36.338,27.42,35.99,0.0,114.835,2.5,3.282236,89.9855975,90.000589157,14698.0,0.24
RD_LFP_ConstantPower_REPT_TS_150_0074_0_100,1,Rest,1,2025-11-26 12:24:18.876,2025-11-26 12:24:48.839,0.0,0.0,0.0,0.0,2.712601,2.712624,0.0,0.0,30.0,0.0
RD_LFP_ConstantPower_REPT_TS_150_0074_0_100,1,Rest,3,2025-11-26 12:25:07.790,2025-11-26 12:55:08.040,0.0,0.0,0.0,0.0,2.502178,2.619729,0.0,0.0,1800.0,0.0
RD_LFP_ConstantPower_REPT_TS_150_0074_0_100,1,Rest,7,2025-11-26 15:54:42.592,2025-11-26 16:24:42.620,0.0,0.0,0.0,0.0,3.333911,3.64418,0.0,0.0,1800.0,0.0
RD_LFP_ConstantPower_REPT_TS_150_0074_0_100,1,Rest,11,2025-11-26 21:07:36.370,2025-11-26 21:37:35.671,0.0,0.0,0.0,0.0,2.503017,2.721655,0.0,0.0,1799.0,0.0
RD_LFP_ConstantPower_REPT_TS_150_0074_0_100,2,CP_Chg,4,2025-11-26 21:37:35.710,2025-11-26 21:56:19.012,27.69,32.86,0.0,9.058,2.73858,3.250001,89.99522078800001,90.005011425,1123.0,0.22
RD_LFP_ConstantPower_REPT_TS_150_0074_0_100,2,CP_Chg,5,2025-11-26 21:56:19.042,2025-11-27 00:37:13.117,50.0,55.11,0.0,142.842,3.266195,3.600013,179.993744794,180.00214716600001,9654.0,0.37
RD_LFP_ConstantPower_REPT_TS_150_0074_0_100,2,CP_Chg,6,2025-11-27 00:37:13.146,2025-11-27 00:37:16.875,73.98,74.81,0.0,0.078,3.609326,3.65003,269.999747191,270.039211495,4.0,0.5
RD_LFP_ConstantPower_REPT_TS_150_0074_0_100,2,CP_DChg,8,2025-11-27 01:07:17.846,2025-11-27 01:07:17.846,75.5,75.5,0.0,0.0,3.315427,3.315427,250.314798178,250.314798178,0.0,0.5
RD_LFP_ConstantPower_REPT_TS_150_0074_0_100,2,CP_DChg,9,2025-11-27 01:07:17.869,2025-11-27 01:44:24.214,54.46,55.38,0.0,34.198,3.25,3.305116,179.99050617499998,180.000458926,2226.0,0.37
RD_LFP_ConstantPower_REPT_TS_150_0074_0_100,2,CP_DChg,10,2025-11-27 01:44:24.256,2025-11-27 05:52:55.293,27.42,35.99,0.0,116.405,2.499993,3.282224,89.984615542,90.000554843,14911.0,0.24
RD_LFP_ConstantPower_REPT_TS_150_0074_0_100,2,Rest,7,2025-11-27 00:37:16.907,2025-11-27 01:07:17.827,0.0,0.0,0.0,0.0,3.341789,3.648964,0.0,0.0,1801.0,0.0
RD_LFP_ConstantPower_REPT_TS_150_0074_0_100,2,Rest,11,2025-11-27 05:52:55.324,2025-11-27 06:22:55.201,0.0,0.0,0.0,0.0,2.50354,2.715297,0.0,0.0,1800.0,0.0
RD_LFP_ConstantPower_REPT_TS_150_0074_0_100,3,CP_Chg,4,2025-11-27 06:22:55.247,2025-11-27 06:42:07.823,27.69,32.9,0.0,9.296,2.735315,3.25,89.995191599,90.00482780899999,1153.0,0.22
RD_LFP_ConstantPower_REPT_TS_150_0074_0_100,3,CP_Chg,5,2025-11-27 06:42:07.852,2025-11-27 09:23:06.120,50.0,55.29,0.0,142.938,3.255494,3.600003,179.99376334000002,180.002170814,9658.0,0.37
RD_LFP_ConstantPower_REPT_TS_150_0074_0_100,3,CP_Chg,6,2025-11-27 09:23:06.147,2025-11-27 09:23:09.808,73.98,74.75,0.0,0.076,3.612123,3.650035,269.99972493800004,270.03963182200005,4.0,0.5
RD_LFP_ConstantPower_REPT_TS_150_0074_0_100,3,CP_DChg,8,2025-11-27 09:53:10.418,2025-11-27 09:53:10.418,75.5,75.5,0.0,0.0,3.305922,3.305922,249.596906033,249.596906033,0.0,0.5
RD_LFP_ConstantPower_REPT_TS_150_0074_0_100,3,CP_DChg,9,2025-11-27 09:53:10.449,2025-11-27 10:35:09.527,54.43,55.38,0.0,38.67,3.25,3.30715,179.991346861,180.000839549,2519.0,0.37
RD_LFP_ConstantPower_REPT_TS_150_0074_0_100,3,CP_DChg,10,2025-11-27 10:35:09.558,2025-11-27 14:34:14.336,27.42,36.0,0.0,112.19,2.499965,3.281941,89.986639107,90.000639451,14345.0,0.24
RD_LFP_ConstantPower_REPT_TS_150_0074_0_100,3,Rest,7,2025-11-27 09:23:09.828,2025-11-27 09:53:10.387,0.0,0.0,0.0,0.0,3.344667,3.648466,0.0,0.0,1801.0,0.0
RD_LFP_ConstantPower_REPT_TS_150_0074_0_100,3,Rest,11,2025-11-27 14:34:14.356,2025-11-27 15:04:15.033,0.0,0.0,0.0,0.0,2.501312,2.728446,0.0,0.0,1801.0,0.0
RD_LFP_ConstantPower_REPT_TS_150_0078_0_100,1,CC_DChg,2,2025-11-26 12:24:48.913,2025-11-26 12:25:06.079,49.99,50.0,0.0,0.243,2.499908,2.670536,124.990882666,133.513361863,17.0,0.33
RD_LFP_ConstantPower_REPT_TS_150_0078_0_100,1,CP_Chg,4,2025-11-26 12:55:06.416,2025-11-26 13:13:51.370,27.69,34.12,0.0,9.104,2.638118,3.25,89.994883228,90.012920882,1125.0,0.23
RD_LFP_ConstantPower_REPT_TS_150_0078_0_100,1,CP_Chg,5,2025-11-26 13:13:51.400,2025-11-26 15:53:48.374,50.0,55.07,0.0,141.785,3.268647,3.600001,179.99347925,180.001212584,9597.0,0.37
RD_LFP_ConstantPower_REPT_TS_150_0078_0_100,1,CP_Chg,6,2025-11-26 15:53:48.402,2025-11-26 15:53:52.395,73.98,74.72,0.0,0.081,3.613426,3.650025,270.00004355100003,270.035552644,4.0,0.5
RD_LFP_ConstantPower_REPT_TS_150_0078_0_100,1,CP_DChg,8,2025-11-26 16:23:52.498,2025-11-26 16:23:52.498,75.5,75.5,0.0,0.001,3.300666,3.300666,249.200405125,249.200405125,0.0,0.5
RD_LFP_ConstantPower_REPT_TS_150_0078_0_100,1,CP_DChg,9,2025-11-26 16:23:52.518,2025-11-26 16:52:14.281,54.65,55.38,0.0,26.152,3.25,3.293519,179.991355684,180.000288061,1702.0,0.37
RD_LFP_ConstantPower_REPT_TS_150_0078_0_100,1,CP_DChg,10,2025-11-26 16:52:14.311,2025-11-26 21:14:39.256,27.43,35.99,0.0,122.917,2.499998,3.281317,89.985480512,90.000575623,15745.0,0.24
RD_LFP_ConstantPower_REPT_TS_150_0078_0_100,1,Rest,1,2025-11-26 12:24:18.919,2025-11-26 12:24:48.882,0.0,0.0,0.0,0.0,2.705231,2.705257,0.0,0.0,30.0,0.0
RD_LFP_ConstantPower_REPT_TS_150_0078_0_100,1,Rest,3,2025-11-26 12:25:06.110,2025-11-26 12:55:06.384,0.0,0.0,0.0,0.0,2.504142,2.617112,0.0,0.0,1800.0,0.0
RD_LFP_ConstantPower_REPT_TS_150_0078_0_100,1,Rest,7,2025-11-26 15:53:52.427,2025-11-26 16:23:52.469,0.0,0.0,0.0,0.0,3.331558,3.645513,0.0,0.0,1800.0,0.0
RD_LFP_ConstantPower_REPT_TS_150_0078_0_100,1,Rest,11,2025-11-26 21:14:39.287,2025-11-26 21:44:39.602,0.0,0.0,0.0,0.0,2.501029,2.722668,0.0,0.0,1800.0,0.0
RD_LFP_ConstantPower_REPT_TS_150_0078_0_100,2,CP_Chg,4,2025-11-26 21:44:39.657,2025-11-26 22:03:24.716,27.69,32.78,0.0,9.072,2.745345,3.25,89.994785069,90.02762463200001,1125.0,0.22
RD_LFP_ConstantPower_REPT_TS_150_0078_0_100,2,CP_Chg,5,2025-11-26 22:03:24.746,2025-11-27 00:43:26.667,50.0,55.09,0.0,142.102,3.267244,3.600014,179.94093209300001,180.030783119,9602.0,0.37
RD_LFP_ConstantPower_REPT_TS_150_0078_0_100,2,CP_Chg,6,2025-11-27 00:43:26.697,2025-11-27 00:43:30.394,73.98,74.72,0.0,0.077,3.613388,3.65003,269.999668471,270.03669636300003,4.0,0.5
RD_LFP_ConstantPower_REPT_TS_150_0078_0_100,2,CP_DChg,8,2025-11-27 01:13:30.930,2025-11-27 01:13:30.930,75.5,75.5,0.0,0.001,3.294325,3.294325,248.721675862,248.721675862,0.0,0.5
RD_LFP_ConstantPower_REPT_TS_150_0078_0_100,2,CP_DChg,9,2025-11-27 01:13:30.969,2025-11-27 01:41:17.165,54.49,55.38,0.0,25.611,3.25,3.303125,179.99127649,180.00027574400002,1666.0,0.37
RD_LFP_ConstantPower_REPT_TS_150_0078_0_100,2,CP_DChg,10,2025-11-27 01:41:17.192,2025-11-27 06:06:44.519,27.43,35.99,0.0,124.248,2.499987,3.281199,89.98463457700001,90.000553094,15927.0,0.24
RD_LFP_ConstantPower_REPT_TS_150_0078_0_100,2,Rest,7,2025-11-27 00:43:30.427,2025-11-27 01:13:30.896,0.0,0.0,0.0,0.0,3.339287,3.645451,0.0,0.0,1800.0,0.0
RD_LFP_ConstantPower_REPT_TS_150_0078_0_100,2,Rest,11,2025-11-27 06:06:44.557,2025-11-27 06:36:44.649,0.0,0.0,0.0,0.0,2.500952,2.71649,0.0,0.0,1800.0,0.0
RD_LFP_ConstantPower_REPT_TS_150_0078_0_100,3,CP_Chg,4,2025-11-27 06:36:44.687,2025-11-27 06:56:16.486,27.69,32.89,0.0,9.44,2.736793,3.25,89.994407595,90.004298721,1172.0,0.22
RD_LFP_ConstantPower_REPT_TS_150_0078_0_100,3,CP_Chg,5,2025-11-27 06:56:16.526,2025-11-27 09:36:15.826,50.0,55.1,0.0,142.089,3.266781,3.600001,179.993423033,180.002195381,9599.0,0.37
RD_LFP_ConstantPower_REPT_TS_150_0078_0_100,3,CP_Chg,6,2025-11-27 09:36:15.847,2025-11-27 09:36:19.495,73.98,74.8,0.0,0.076,3.609849,3.650045,269.999684762,270.037453955,4.0,0.5
RD_LFP_ConstantPower_REPT_TS_150_0078_0_100,3,CP_DChg,8,2025-11-27 10:06:20.371,2025-11-27 10:06:20.371,75.5,75.5,0.0,0.001,3.29918,3.29918,249.088076803,249.088076803,0.0,0.5
RD_LFP_ConstantPower_REPT_TS_150_0078_0_100,3,CP_DChg,9,2025-11-27 10:06:20.401,2025-11-27 10:40:43.387,54.43,55.38,0.0,31.699,3.25,3.307238,179.990646683,180.00042993300002,2063.0,0.37
RD_LFP_ConstantPower_REPT_TS_150_0078_0_100,3,CP_DChg,10,2025-11-27 10:40:43.414,2025-11-27 14:53:16.905,27.43,36.0,0.0,118.45,2.499969,3.281314,89.986408725,90.000762469,15153.0,0.24
RD_LFP_ConstantPower_REPT_TS_150_0078_0_100,3,Rest,7,2025-11-27 09:36:19.525,2025-11-27 10:06:20.336,0.0,0.0,0.0,0.0,3.342119,3.643665,0.0,0.0,1801.0,0.0
RD_LFP_ConstantPower_REPT_TS_150_0078_0_100,3,Rest,11,2025-11-27 14:53:16.945,2025-11-27 15:23:17.341,0.0,0.0,0.0,0.0,2.50367,2.72787,0.0,0.0,1800.0,0.0
RD_LFP_ConstantPower_REPT_TS_150_0080_0_100,1,CC_DChg,2,2025-11-26 12:24:48.047,2025-11-26 12:25:12.839,50.0,50.0,0.0,0.349,2.499969,2.705509,124.994122554,135.262084786,25.0,0.33
RD_LFP_ConstantPower_REPT_TS_150_0080_0_100,1,CP_Chg,4,2025-11-26 12:55:13.117,2025-11-26 13:13:02.333,27.69,34.04,0.0,8.655,2.644247,3.25,89.99523432800001,90.012519271,1069.0,0.23
RD_LFP_ConstantPower_REPT_TS_150_0080_0_100,1,CP_Chg,5,2025-11-26 13:13:02.364,2025-11-26 15:48:29.509,50.0,55.16,0.0,137.555,3.263275,3.600001,179.993787636,180.000042655,9327.0,0.37
RD_LFP_ConstantPower_REPT_TS_150_0080_0_100,1,CP_Chg,6,2025-11-26 15:48:29.529,2025-11-26 15:48:33.654,73.98,74.84,0.0,0.085,3.607583,3.65003,269.999783908,270.033406899,4.0,0.5
RD_LFP_ConstantPower_REPT_TS_150_0080_0_100,1,CP_DChg,8,2025-11-26 16:18:33.850,2025-11-26 16:18:33.850,75.5,75.5,0.0,0.0,3.3265,3.3265,251.15100614000002,251.15100614000002,0.0,0.5
RD_LFP_ConstantPower_REPT_TS_150_0080_0_100,1,CP_DChg,9,2025-11-26 16:18:33.869,2025-11-26 16:59:48.474,54.54,55.38,0.0,37.966,3.249999,3.30018,179.991074089,180.000304064,2475.0,0.37
RD_LFP_ConstantPower_REPT_TS_150_0080_0_100,1,CP_DChg,10,2025-11-26 16:59:48.505,2025-11-26 20:49:35.115,27.42,35.99,0.0,107.786,2.499961,3.282698,89.98580620000001,90.000717753,13787.0,0.24
RD_LFP_ConstantPower_REPT_TS_150_0080_0_100,1,Rest,1,2025-11-26 12:24:18.056,2025-11-26 12:24:48.020,0.0,0.0,0.0,0.0,2.736172,2.736194,0.0,0.0,30.0,0.0
RD_LFP_ConstantPower_REPT_TS_150_0080_0_100,1,Rest,3,2025-11-26 12:25:12.878,2025-11-26 12:55:13.094,0.0,0.0,0.0,0.0,2.500595,2.626037,0.0,0.0,1800.0,0.0
RD_LFP_ConstantPower_REPT_TS_150_0080_0_100,1,Rest,7,2025-11-26 15:48:33.685,2025-11-26 16:18:33.827,0.0,0.0,0.0,0.0,3.337189,3.646277,0.0,0.0,1800.0,0.0
RD_LFP_ConstantPower_REPT_TS_150_0080_0_100,1,Rest,11,2025-11-26 20:49:35.146,2025-11-26 21:19:35.687,0.0,0.0,0.0,0.0,2.501952,2.734315,0.0,0.0,1801.0,0.0
RD_LFP_ConstantPower_REPT_TS_150_0080_0_100,2,CP_Chg,4,2025-11-26 21:19:35.722,2025-11-26 21:37:06.751,27.69,32.72,0.0,8.483,2.750541,3.25,89.994939524,90.00438701200001,1051.0,0.22
RD_LFP_ConstantPower_REPT_TS_150_0080_0_100,2,CP_Chg,5,2025-11-26 21:37:06.778,2025-11-27 00:12:42.697,50.0,55.13,0.0,137.922,3.264986,3.600009,179.993634558,180.000794317,9336.0,0.37
RD_LFP_ConstantPower_REPT_TS_150_0080_0_100,2,CP_Chg,6,2025-11-27 00:12:42.716,2025-11-27 00:12:46.683,73.98,74.91,0.0,0.083,3.604544,3.650053,269.999637119,270.03493329199995,4.0,0.5
RD_LFP_ConstantPower_REPT_TS_150_0080_0_100,2,CP_DChg,8,2025-11-27 00:42:47.360,2025-11-27 00:42:47.360,75.5,75.5,0.0,0.001,3.302747,3.302747,249.35717061,249.35717061,0.0,0.5
RD_LFP_ConstantPower_REPT_TS_150_0080_0_100,2,CP_DChg,9,2025-11-27 00:42:47.391,2025-11-27 01:23:15.580,54.44,55.38,0.0,37.257,3.249999,3.306498,179.99115129999998,180.000460406,2428.0,0.37
RD_LFP_ConstantPower_REPT_TS_150_0080_0_100,2,CP_DChg,10,2025-11-27 01:23:15.606,2025-11-27 05:16:26.215,27.41,35.99,0.0,109.28,2.499998,3.282988,89.98528845599999,90.001029962,13991.0,0.24
RD_LFP_ConstantPower_REPT_TS_150_0080_0_100,2,Rest,7,2025-11-27 00:12:46.714,2025-11-27 00:42:47.329,0.0,0.0,0.0,0.0,3.342038,3.647762,0.0,0.0,1801.0,0.0
RD_LFP_ConstantPower_REPT_TS_150_0080_0_100,2,Rest,11,2025-11-27 05:16:26.238,2025-11-27 05:46:26.604,0.0,0.0,0.0,0.0,2.501478,2.723226,0.0,0.0,1800.0,0.0
RD_LFP_ConstantPower_REPT_TS_150_0080_0_100,3,CP_Chg,4,2025-11-27 05:46:26.638,2025-11-27 06:04:28.334,27.69,32.83,0.0,8.729,2.741164,3.25,89.995156883,90.005069016,1082.0,0.22
RD_LFP_ConstantPower_REPT_TS_150_0080_0_100,3,CP_Chg,5,2025-11-27 06:04:28.364,2025-11-27 08:40:07.718,50.0,55.12,0.0,138.045,3.265601,3.600006,179.993806592,180.00074237299998,9339.0,0.37
RD_LFP_ConstantPower_REPT_TS_150_0080_0_100,3,CP_Chg,6,2025-11-27 08:40:07.741,2025-11-27 08:40:11.701,73.98,74.82,0.0,0.082,3.608613,3.650056,270.000023942,270.03555643,4.0,0.5
RD_LFP_ConstantPower_REPT_TS_150_0080_0_100,3,CP_DChg,8,2025-11-27 09:10:12.508,2025-11-27 09:10:12.508,75.5,75.5,0.0,0.001,3.316383,3.316383,250.387171861,250.387171861,0.0,0.5
RD_LFP_ConstantPower_REPT_TS_150_0080_0_100,3,CP_DChg,9,2025-11-27 09:10:12.532,2025-11-27 09:55:02.366,54.41,55.38,0.0,41.251,3.25,3.308228,179.990479655,180.01128978699998,2690.0,0.37
RD_LFP_ConstantPower_REPT_TS_150_0080_0_100,3,CP_DChg,10,2025-11-27 09:55:02.389,2025-11-27 13:39:48.069,27.42,36.0,0.0,105.525,2.499995,3.281924,89.98741252500001,90.000850932,13486.0,0.24
RD_LFP_ConstantPower_REPT_TS_150_0080_0_100,3,Rest,7,2025-11-27 08:40:11.729,2025-11-27 09:10:12.477,0.0,0.0,0.0,0.0,3.343683,3.648702,0.0,0.0,1801.0,0.0
RD_LFP_ConstantPower_REPT_TS_150_0080_0_100,3,Rest,11,2025-11-27 13:39:48.096,2025-11-27 14:09:48.710,0.0,0.0,0.0,0.0,2.501907,2.738574,0.0,0.0,1801.0,0.0
RD_LFP_ConstantPower_REPT_TS_150_0087_0_100,1,CC_DChg,2,2025-11-26 12:24:49.153,2025-11-26 12:25:07.574,50.0,50.0,0.0,0.261,2.499971,2.711197,124.993932554,135.546321127,18.0,0.33
RD_LFP_ConstantPower_REPT_TS_150_0087_0_100,1,CP_Chg,4,2025-11-26 12:55:07.919,2025-11-26 13:12:56.119,27.69,34.15,0.0,8.649,2.635371,3.250002,89.995156661,90.013346846,1068.0,0.23
RD_LFP_ConstantPower_REPT_TS_150_0087_0_100,1,CP_Chg,5,2025-11-26 13:12:56.145,2025-11-26 15:54:40.028,50.0,55.13,0.0,143.086,3.264962,3.600006,179.991396484,180.00289182,9704.0,0.37
RD_LFP_ConstantPower_REPT_TS_150_0087_0_100,1,CP_Chg,6,2025-11-26 15:54:40.047,2025-11-26 15:54:44.595,73.98,74.93,0.0,0.094,3.603209,3.650044,270.000020274,270.032897116,5.0,0.5
RD_LFP_ConstantPower_REPT_TS_150_0087_0_100,1,CP_DChg,8,2025-11-26 16:24:44.637,2025-11-26 16:24:44.637,75.5,75.5,0.0,0.0,3.305048,3.305048,249.530981883,249.530981883,0.0,0.5
RD_LFP_ConstantPower_REPT_TS_150_0087_0_100,1,CP_DChg,9,2025-11-26 16:24:44.656,2025-11-26 17:11:58.538,54.47,55.38,0.0,43.453,3.25,3.304329,179.991793833,180.00072767,2834.0,0.37
RD_LFP_ConstantPower_REPT_TS_150_0087_0_100,1,CP_DChg,10,2025-11-26 17:11:58.559,2025-11-26 21:02:19.839,27.41,35.99,0.0,107.912,2.499983,3.283053,89.984401671,90.000807314,13821.0,0.24
RD_LFP_ConstantPower_REPT_TS_150_0087_0_100,1,Rest,1,2025-11-26 12:24:19.012,2025-11-26 12:24:49.130,0.0,0.0,0.0,0.0,2.714181,2.714203,0.0,0.0,30.0,0.0
RD_LFP_ConstantPower_REPT_TS_150_0087_0_100,1,Rest,3,2025-11-26 12:25:07.597,2025-11-26 12:55:07.896,0.0,0.0,0.0,0.0,2.500096,2.619316,0.0,0.0,1800.0,0.0
RD_LFP_ConstantPower_REPT_TS_150_0087_0_100,1,Rest,7,2025-11-26 15:54:44.615,2025-11-26 16:24:44.610,0.0,0.0,0.0,0.0,3.340678,3.648531,0.0,0.0,1800.0,0.0
RD_LFP_ConstantPower_REPT_TS_150_0087_0_100,1,Rest,11,2025-11-26 21:02:19.862,2025-11-26 21:32:20.043,0.0,0.0,0.0,0.0,2.501459,2.723344,0.0,0.0,1800.0,0.0
RD_LFP_ConstantPower_REPT_TS_150_0087_0_100,2,CP_Chg,4,2025-11-26 21:32:20.073,2025-11-26 21:49:51.941,27.69,33.01,0.0,8.493,2.726802,3.25,89.99509083800001,90.004866853,1052.0,0.22
RD_LFP_ConstantPower_REPT_TS_150_0087_0_100,2,CP_Chg,5,2025-11-26 21:49:51.960,2025-11-27 00:31:49.933,50.0,55.23,0.0,143.523,3.25912,3.6,179.99349343,180.002296527,9718.0,0.37
RD_LFP_ConstantPower_REPT_TS_150_0087_0_100,2,CP_Chg,6,2025-11-27 00:31:49.964,2025-11-27 00:31:54.273,73.98,74.75,0.0,0.09,3.61213,3.65,269.999908635,270.035193849,4.0,0.5
RD_LFP_ConstantPower_REPT_TS_150_0087_0_100,2,CP_DChg,8,2025-11-27 01:01:54.134,2025-11-27 01:01:54.134,75.5,75.5,0.0,0.001,3.315752,3.315752,250.339213001,250.339213001,0.0,0.5
RD_LFP_ConstantPower_REPT_TS_150_0087_0_100,2,CP_DChg,9,2025-11-27 01:01:54.165,2025-11-27 01:48:33.761,54.36,55.38,0.0,42.934,3.25,3.311517,179.990974709,180.000665495,2800.0,0.37
RD_LFP_ConstantPower_REPT_TS_150_0087_0_100,2,CP_DChg,10,2025-11-27 01:48:33.781,2025-11-27 05:41:52.152,27.41,35.99,0.0,109.203,2.499954,3.283422,89.98262678900001,90.00079591699999,13998.0,0.24
RD_LFP_ConstantPower_REPT_TS_150_0087_0_100,2,Rest,7,2025-11-27 00:31:54.304,2025-11-27 01:01:54.110,0.0,0.0,0.0,0.0,3.348313,3.64776,0.0,0.0,1800.0,0.0
RD_LFP_ConstantPower_REPT_TS_150_0087_0_100,2,Rest,11,2025-11-27 05:41:52.173,2025-11-27 06:11:52.523,0.0,0.0,0.0,0.0,2.500999,2.716836,0.0,0.0,1800.0,0.0
RD_LFP_ConstantPower_REPT_TS_150_0087_0_100,3,CP_Chg,4,2025-11-27 06:11:52.556,2025-11-27 06:29:48.812,27.69,32.95,0.0,8.686,2.731705,3.25,89.995154151,90.004723145,1076.0,0.22
RD_LFP_ConstantPower_REPT_TS_150_0087_0_100,3,CP_Chg,5,2025-11-27 06:29:48.834,2025-11-27 09:11:52.248,50.0,55.23,0.0,143.651,3.25923,3.600008,179.993761187,180.002938109,9723.0,0.37
RD_LFP_ConstantPower_REPT_TS_150_0087_0_100,3,CP_Chg,6,2025-11-27 09:11:52.268,2025-11-27 09:11:56.499,73.98,74.82,0.0,0.088,3.608484,3.650013,269.99986584,270.034128273,4.0,0.5
RD_LFP_ConstantPower_REPT_TS_150_0087_0_100,3,CP_DChg,8,2025-11-27 09:41:56.396,2025-11-27 09:41:56.396,75.5,75.5,0.0,0.001,3.320442,3.320442,250.693261425,250.693261425,0.0,0.5
RD_LFP_ConstantPower_REPT_TS_150_0087_0_100,3,CP_DChg,9,2025-11-27 09:41:56.415,2025-11-27 10:32:59.405,54.29,55.38,0.0,46.94,3.249999,3.315608,179.99040767300002,180.00083136199999,3063.0,0.37
RD_LFP_ConstantPower_REPT_TS_150_0087_0_100,3,CP_DChg,10,2025-11-27 10:32:59.434,2025-11-27 14:17:51.752,27.42,35.99,0.0,105.449,2.499998,3.282126,89.984873012,90.00197069699999,13492.0,0.24
RD_LFP_ConstantPower_REPT_TS_150_0087_0_100,3,Rest,7,2025-11-27 09:11:56.520,2025-11-27 09:41:56.369,0.0,0.0,0.0,0.0,3.35089,3.647245,0.0,0.0,1800.0,0.0
RD_LFP_ConstantPower_REPT_TS_150_0087_0_100,3,Rest,11,2025-11-27 14:17:51.771,2025-11-27 14:47:52.128,0.0,0.0,0.0,0.0,2.500935,2.727544,0.0,0.0,1800.0,0.0
RD_LFP_ConstantPower_REPT_TS_150_0090_0_100,1,CC_DChg,2,2025-11-26 12:24:49.246,2025-11-26 12:25:11.888,50.0,50.0,0.0,0.319,2.499982,2.699964,124.99487003,134.984945877,23.0,0.33
RD_LFP_ConstantPower_REPT_TS_150_0090_0_100,1,CP_Chg,4,2025-11-26 12:55:12.161,2025-11-26 13:11:42.319,27.69,33.66,0.0,8.006,2.674097,3.250001,89.995264325,90.01097994,990.0,0.22
RD_LFP_ConstantPower_REPT_TS_150_0090_0_100,1,CP_Chg,5,2025-11-26 13:11:42.356,2025-11-26 15:47:31.176,50.0,55.05,0.0,137.549,3.269862,3.600006,179.992085111,180.00110096,9349.0,0.37
RD_LFP_ConstantPower_REPT_TS_150_0090_0_100,1,CP_Chg,6,2025-11-26 15:47:31.195,2025-11-26 15:47:35.588,73.98,74.77,0.0,0.091,3.611143,3.650007,269.998881255,270.02982195100003,4.0,0.5
RD_LFP_ConstantPower_REPT_TS_150_0090_0_100,1,CP_DChg,8,2025-11-26 16:17:35.721,2025-11-26 16:17:35.721,75.5,75.5,0.0,0.001,3.33148,3.33148,251.526456824,251.526456824,0.0,0.5
RD_LFP_ConstantPower_REPT_TS_150_0090_0_100,1,CP_DChg,9,2025-11-26 16:17:35.741,2025-11-26 16:50:47.628,54.61,55.38,0.0,30.598,3.25,3.296211,179.990524682,180.00037982,1992.0,0.37
RD_LFP_ConstantPower_REPT_TS_150_0090_0_100,1,CP_DChg,10,2025-11-26 16:50:47.660,2025-11-26 20:54:59.795,27.4,36.0,0.0,114.554,2.499963,3.284272,89.986398182,90.000589737,14652.0,0.24
RD_LFP_ConstantPower_REPT_TS_150_0090_0_100,1,Rest,1,2025-11-26 12:24:19.093,2025-11-26 12:24:49.211,0.0,0.0,0.0,0.0,2.739041,2.739056,0.0,0.0,30.0,0.0
RD_LFP_ConstantPower_REPT_TS_150_0090_0_100,1,Rest,3,2025-11-26 12:25:11.920,2025-11-26 12:55:12.125,0.0,0.0,0.0,0.0,2.503505,2.646574,0.0,0.0,1800.0,0.0
RD_LFP_ConstantPower_REPT_TS_150_0090_0_100,1,Rest,7,2025-11-26 15:47:35.615,2025-11-26 16:17:35.694,0.0,0.0,0.0,0.0,3.339566,3.646959,0.0,0.0,1800.0,0.0
RD_LFP_ConstantPower_REPT_TS_150_0090_0_100,1,Rest,11,2025-11-26 20:54:59.818,2025-11-26 21:25:00.170,0.0,0.0,0.0,0.0,2.500576,2.737142,0.0,0.0,1800.0,0.0
RD_LFP_ConstantPower_REPT_TS_150_0090_0_100,2,CP_Chg,4,2025-11-26 21:25:00.204,2025-11-26 21:41:27.476,27.69,32.66,0.0,7.965,2.755354,3.25,89.995381745,90.005474612,987.0,0.22
RD_LFP_ConstantPower_REPT_TS_150_0090_0_100,2,CP_Chg,5,2025-11-26 21:41:27.506,2025-11-27 00:17:14.608,50.0,55.11,0.0,137.775,3.265928,3.600002,179.99369008,180.000317193,9347.0,0.37
RD_LFP_ConstantPower_REPT_TS_150_0090_0_100,2,CP_Chg,6,2025-11-27 00:17:14.627,2025-11-27 00:17:18.966,73.98,74.88,0.0,0.091,3.605878,3.650017,269.99947543,270.030115327,4.0,0.5
RD_LFP_ConstantPower_REPT_TS_150_0090_0_100,2,CP_DChg,8,2025-11-27 00:47:18.507,2025-11-27 00:47:18.507,75.5,75.5,0.0,0.001,3.310062,3.310062,249.909452606,249.909452606,0.0,0.5
RD_LFP_ConstantPower_REPT_TS_150_0090_0_100,2,CP_DChg,9,2025-11-27 00:47:18.538,2025-11-27 01:19:47.722,54.48,55.38,0.0,29.943,3.249999,3.304149,179.9906527,180.000359145,1949.0,0.37
RD_LFP_ConstantPower_REPT_TS_150_0090_0_100,2,CP_DChg,10,2025-11-27 01:19:47.753,2025-11-27 05:27:13.717,27.4,35.99,0.0,115.946,2.499988,3.284279,89.985675567,90.000530762,14846.0,0.24
RD_LFP_ConstantPower_REPT_TS_150_0090_0_100,2,Rest,7,2025-11-27 00:17:19.002,2025-11-27 00:47:18.480,0.0,0.0,0.0,0.0,3.344747,3.6433,0.0,0.0,1799.0,0.0
RD_LFP_ConstantPower_REPT_TS_150_0090_0_100,2,Rest,11,2025-11-27 05:27:13.748,2025-11-27 05:57:13.584,0.0,0.0,0.0,0.0,2.503044,2.727521,0.0,0.0,1800.0,0.0
RD_LFP_ConstantPower_REPT_TS_150_0090_0_100,3,CP_Chg,4,2025-11-27 05:57:13.612,2025-11-27 06:14:13.698,27.69,32.81,0.0,8.233,2.743337,3.250001,89.995136371,90.005145813,1020.0,0.22
RD_LFP_ConstantPower_REPT_TS_150_0090_0_100,3,CP_Chg,5,2025-11-27 06:14:13.719,2025-11-27 08:49:57.830,50.0,55.1,0.0,137.796,3.266687,3.600003,179.993468057,180.000057032,9344.0,0.37
RD_LFP_ConstantPower_REPT_TS_150_0090_0_100,3,CP_Chg,6,2025-11-27 08:49:57.858,2025-11-27 08:50:02.215,73.98,74.79,0.0,0.089,3.610323,3.650049,269.99970962699996,270.030135931,4.0,0.5
RD_LFP_ConstantPower_REPT_TS_150_0090_0_100,3,CP_DChg,8,2025-11-27 09:20:01.799,2025-11-27 09:20:01.799,75.5,75.5,0.0,0.0,3.301529,3.301529,249.26533055000002,249.26533055000002,0.0,0.5
RD_LFP_ConstantPower_REPT_TS_150_0090_0_100,3,CP_DChg,9,2025-11-27 09:20:01.820,2025-11-27 09:58:34.125,54.42,55.38,0.0,35.493,3.25,3.307453,179.990200557,180.000511838,2312.0,0.37
RD_LFP_ConstantPower_REPT_TS_150_0090_0_100,3,CP_DChg,10,2025-11-27 09:58:34.146,2025-11-27 13:53:59.677,27.4,36.0,0.0,110.568,2.499966,3.284004,89.98739115500001,90.00186182799999,14126.0,0.24
RD_LFP_ConstantPower_REPT_TS_150_0090_0_100,3,Rest,7,2025-11-27 08:50:02.237,2025-11-27 09:20:01.777,0.0,0.0,0.0,0.0,3.34625,3.646546,0.0,0.0,1800.0,0.0
RD_LFP_ConstantPower_REPT_TS_150_0090_0_100,3,Rest,11,2025-11-27 13:53:59.701,2025-11-27 14:24:00.671,0.0,0.0,0.0,0.0,2.500413,2.74071,0.0,0.0,1801.0,0.0
